Start,End,AllZero,Samples,ObservedSpanSeconds
2022-10-17 12:18:23.660000+00:00,2022-10-17 12:19:18.218000+00:00,True,30,54.558
2022-10-17 12:19:20.136000+00:00,2022-10-17 12:19:51.451000+00:00,False,15,31.315
2022-10-17 12:19:53.269000+00:00,2022-10-17 12:20:52.925000+00:00,True,31,59.656
2022-10-17 12:20:54.865000+00:00,2022-10-17 12:21:27.301000+00:00,False,18,32.436
2022-10-17 12:21:29.175000+00:00,2022-10-17 12:21:42.642000+00:00,True,6,13.467
2022-10-17 12:21:44.580000+00:00,2022-10-17 12:22:17.347000+00:00,False,18,32.767
2022-10-17 12:22:19.206000+00:00,2022-10-17 12:22:41.469000+00:00,True,11,22.263
2022-10-17 12:22:43.327000+00:00,2022-10-17 12:23:14.081000+00:00,False,17,30.754
2022-10-17 12:23:15.970000+00:00,2022-10-17 12:23:46.002000+00:00,True,15,30.032
2022-10-17 12:23:47.871000+00:00,2022-10-17 12:24:18.559000+00:00,False,17,30.688
2022-10-17 12:24:20.417000+00:00,2022-10-17 12:24:35.607000+00:00,True,9,15.19
2022-10-17 12:24:37.566000+00:00,2022-10-17 12:25:08.276000+00:00,False,15,30.71
2022-10-17 12:25:10.152000+00:00,2022-10-17 12:25:47.777000+00:00,True,21,37.625
2022-10-17 12:25:49.703000+00:00,2022-10-17 12:26:20.453000+00:00,False,15,30.75
2022-10-17 12:26:22.331000+00:00,2022-10-17 12:26:39.082000+00:00,True,10,16.751
2022-10-17 12:26:41.038000+00:00,2022-10-17 12:33:45.084000+00:00,False,11,424.046
2022-10-17 12:33:46.951000+00:00,2022-10-17 12:34:05.614000+00:00,True,11,18.663
2022-10-17 12:34:07.501000+00:00,2022-10-17 12:34:38.079000+00:00,False,17,30.578
2022-10-17 12:34:39.925000+00:00,2022-10-17 12:34:54.778000+00:00,True,7,14.853
2022-10-17 12:34:56.708000+00:00,2022-10-17 12:35:29.427000+00:00,False,18,32.719
2022-10-17 12:35:31.262000+00:00,2022-10-17 12:35:46.291000+00:00,True,9,15.029
2022-10-17 12:35:51.838000+00:00,2022-10-17 12:36:22.055000+00:00,False,17,30.217
2022-10-17 12:36:23.896000+00:00,2022-10-17 12:36:44.457000+00:00,True,12,20.561
2022-10-17 12:36:46.406000+00:00,2022-10-17 12:37:19.331000+00:00,False,16,32.925
2022-10-17 12:37:21.196000+00:00,2022-10-17 12:37:54.979000+00:00,True,19,33.783
2022-10-17 12:38:01.254000+00:00,2022-10-17 12:38:28.355000+00:00,False,15,27.101
2022-10-17 12:38:30.236000+00:00,2022-10-17 12:44:46.942000+00:00,True,188,376.706
2022-10-17 12:44:48.892000+00:00,2022-10-17 12:45:21.603000+00:00,False,18,32.711
2022-10-17 12:45:23.495000+00:00,2022-10-17 12:45:42.031000+00:00,True,9,18.536
2022-10-17 12:45:44.244000+00:00,2022-10-17 12:46:15.302000+00:00,False,17,31.058
2022-10-17 12:46:17.232000+00:00,2022-10-17 12:46:30.324000+00:00,True,8,13.092
2022-10-17 12:46:32.282000+00:00,2022-10-17 12:47:04.631000+00:00,False,16,32.349
2022-10-17 12:47:06.572000+00:00,2022-10-17 12:59:07.352000+00:00,True,359,720.78
2022-10-17 12:59:09.336000+00:00,2022-10-17 12:59:40.442000+00:00,False,15,31.106
2022-10-17 12:59:42.316000+00:00,2022-10-17 12:59:57.367000+00:00,True,9,15.051
2022-10-17 12:59:59.317000+00:00,2022-10-17 13:00:32.059000+00:00,False,18,32.742
2022-10-17 13:00:37.431000+00:00,2022-10-17 13:00:46.803000+00:00,True,6,9.372
2022-10-17 13:00:48.777000+00:00,2022-10-17 13:01:21.474000+00:00,False,18,32.697
2022-10-17 13:01:23.355000+00:00,2022-10-17 13:01:55.129000+00:00,True,16,31.774
2022-10-17 13:01:57.062000+00:00,2022-10-17 13:08:04.113000+00:00,False,20,367.051
2022-10-17 13:08:09.606000+00:00,2022-10-17 13:08:20.944000+00:00,True,7,11.338
2022-10-17 13:08:22.832000+00:00,2022-10-17 13:08:53.484000+00:00,False,17,30.652
2022-10-17 13:08:55.349000+00:00,2022-10-17 13:11:45.775000+00:00,True,85,170.426
2022-10-17 13:11:47.732000+00:00,2022-10-17 13:12:18.722000+00:00,False,17,30.99
2022-10-17 13:12:20.612000+00:00,2022-10-17 13:12:37.164000+00:00,True,8,16.552
2022-10-17 13:12:39.134000+00:00,2022-10-17 13:13:09.900000+00:00,False,17,30.766
2022-10-17 13:13:11.789000+00:00,2022-10-17 13:13:27.009000+00:00,True,9,15.22
2022-10-17 13:13:32.534000+00:00,2022-10-17 13:13:59.887000+00:00,False,15,27.353
2022-10-17 13:14:01.784000+00:00,2022-10-17 13:14:20.424000+00:00,True,11,18.64
2022-10-17 13:14:22.376000+00:00,2022-10-17 13:14:53.176000+00:00,False,15,30.8
2022-10-17 13:14:54.988000+00:00,2022-10-17 13:15:09.924000+00:00,True,9,14.936
2022-10-17 13:15:11.910000+00:00,2022-10-17 13:15:44.190000+00:00,False,16,32.28
2022-10-17 13:15:46.019000+00:00,2022-10-17 13:16:01.081000+00:00,True,9,15.062
2022-10-17 13:16:02.986000+00:00,2022-10-17 13:16:33.754000+00:00,False,17,30.768
2022-10-17 13:16:35.606000+00:00,2022-10-17 13:17:09.450000+00:00,True,17,33.844
2022-10-17 13:17:11.389000+00:00,2022-10-17 13:17:42.301000+00:00,False,17,30.912
2022-10-17 13:17:44.158000+00:00,2022-10-17 13:18:15.931000+00:00,True,16,31.773
2022-10-17 13:18:17.829000+00:00,2022-10-17 13:18:48.319000+00:00,False,17,30.49
2022-10-17 13:18:50.105000+00:00,2022-10-17 13:19:09.025000+00:00,True,9,18.92
2022-10-17 13:19:11.050000+00:00,2022-10-17 13:19:42.021000+00:00,False,17,30.971
2022-10-17 13:19:43.896000+00:00,2022-10-17 13:20:11.840000+00:00,True,14,27.944
2022-10-17 13:20:13.709000+00:00,2022-10-17 13:20:46.613000+00:00,False,18,32.904
2022-10-17 13:20:48.502000+00:00,2022-10-17 13:20:59.660000+00:00,True,7,11.158
2022-10-17 13:21:05.128000+00:00,2022-10-17 13:21:37.556000+00:00,False,18,32.428
2022-10-17 13:21:39.473000+00:00,2022-10-17 13:22:13.160000+00:00,True,17,33.687
2022-10-17 13:22:15.112000+00:00,2022-10-17 13:22:46.191000+00:00,False,17,31.079
2022-10-17 13:22:48.064000+00:00,2022-10-17 13:24:06.269000+00:00,True,41,78.205
2022-10-17 13:24:08.166000+00:00,2022-10-17 13:24:38.401000+00:00,False,15,30.235
2022-10-17 13:24:40.268000+00:00,2022-10-17 13:25:02.845000+00:00,True,13,22.577
2022-10-17 13:25:04.801000+00:00,2022-10-17 13:25:35.377000+00:00,False,15,30.576
2022-10-17 13:25:37.268000+00:00,2022-10-17 13:25:53.972000+00:00,True,10,16.704
2022-10-17 13:25:56.086000+00:00,2022-10-17 13:26:22.965000+00:00,False,15,26.879
2022-10-17 13:26:28.519000+00:00,2022-10-17 13:26:43.674000+00:00,True,9,15.155
2022-10-17 13:26:45.544000+00:00,2022-10-17 13:27:18.083000+00:00,False,18,32.539
2022-10-17 13:27:19.879000+00:00,2022-10-17 13:44:03.128000+00:00,True,501,1003.249
2022-10-17 13:44:04.934000+00:00,2022-10-17 13:44:37.221000+00:00,False,18,32.287
2022-10-17 13:44:39.106000+00:00,2022-10-17 13:45:41.463000+00:00,True,32,62.357
2022-10-17 13:45:43.376000+00:00,2022-10-17 13:46:14.637000+00:00,False,15,31.261
2022-10-17 13:46:16.494000+00:00,2022-10-17 13:46:31.438000+00:00,True,9,14.944
2022-10-17 13:46:33.295000+00:00,2022-10-17 13:47:05.672000+00:00,False,16,32.377
2022-10-17 13:47:07.510000+00:00,2022-10-17 13:47:24.306000+00:00,True,10,16.796
2022-10-17 13:47:26.256000+00:00,2022-10-17 13:47:55.040000+00:00,False,16,28.784
2022-10-17 13:48:00.708000+00:00,2022-10-17 13:48:13.815000+00:00,True,8,13.107
2022-10-17 13:48:15.804000+00:00,2022-10-17 13:48:48.134000+00:00,False,18,32.33
2022-10-17 13:48:50.024000+00:00,2022-10-17 13:49:10.762000+00:00,True,10,20.738
2022-10-17 13:49:12.713000+00:00,2022-10-17 13:49:41.596000+00:00,False,16,28.883
2022-10-17 13:49:43.415000+00:00,2022-10-17 13:49:56.571000+00:00,True,8,13.156
2022-10-17 13:49:58.431000+00:00,2022-10-17 13:50:00.352000+00:00,False,2,1.921
2022-10-17 13:50:02.228000+00:00,2022-10-17 13:50:30.244000+00:00,True,14,28.016
2022-10-17 13:50:32.118000+00:00,2022-10-17 13:51:04.706000+00:00,False,18,32.588
2022-10-17 13:51:06.566000+00:00,2022-10-17 13:51:21.519000+00:00,True,7,14.953
2022-10-17 13:51:23.409000+00:00,2022-10-17 13:51:56.020000+00:00,False,18,32.611
2022-10-17 13:51:57.952000+00:00,2022-10-17 13:52:12.874000+00:00,True,9,14.922
2022-10-17 13:52:18.520000+00:00,2022-10-17 13:52:47.252000+00:00,False,16,28.732
2022-10-17 13:52:49.116000+00:00,2022-10-17 13:53:04.065000+00:00,True,9,14.949
2022-10-17 13:53:06.042000+00:00,2022-10-17 13:53:38.351000+00:00,False,16,32.309
2022-10-17 13:53:40.198000+00:00,2022-10-17 13:53:55.283000+00:00,True,9,15.085
2022-10-17 13:53:57.180000+00:00,2022-10-17 13:54:29.847000+00:00,False,16,32.667
2022-10-17 13:54:31.723000+00:00,2022-10-17 13:54:46.785000+00:00,True,9,15.062
2022-10-17 13:54:48.707000+00:00,2022-10-17 13:55:20.966000+00:00,False,18,32.259
2022-10-17 13:55:22.847000+00:00,2022-10-17 13:55:37.862000+00:00,True,7,15.015
2022-10-17 13:55:39.784000+00:00,2022-10-17 13:56:12.315000+00:00,False,18,32.531
2022-10-17 13:56:14.190000+00:00,2022-10-17 13:56:31.253000+00:00,True,10,17.063
2022-10-17 13:56:36.935000+00:00,2022-10-17 13:57:03.917000+00:00,False,15,26.982
2022-10-17 13:57:05.788000+00:00,2022-10-17 13:57:22.769000+00:00,True,10,16.981
2022-10-17 13:57:24.691000+00:00,2022-10-17 13:57:56.967000+00:00,False,16,32.276
2022-10-17 13:57:58.862000+00:00,2022-10-17 13:58:13.944000+00:00,True,9,15.082
2022-10-17 13:58:15.913000+00:00,2022-10-17 13:58:48.332000+00:00,False,16,32.419
2022-10-17 13:58:50.206000+00:00,2022-10-17 13:59:05.191000+00:00,True,9,14.985
2022-10-17 13:59:07.096000+00:00,2022-10-17 13:59:39.566000+00:00,False,18,32.47
2022-10-17 13:59:41.488000+00:00,2022-10-17 14:00:11.363000+00:00,True,15,29.875
2022-10-17 14:00:13.300000+00:00,2022-10-17 14:00:44.430000+00:00,False,17,31.13
2022-10-17 14:00:46.299000+00:00,2022-10-17 14:01:02.877000+00:00,True,8,16.578
2022-10-17 14:01:04.742000+00:00,2022-10-17 14:01:35.461000+00:00,False,17,30.719
2022-10-17 14:01:37.346000+00:00,2022-10-17 14:01:52.456000+00:00,True,9,15.11
2022-10-17 14:01:54.413000+00:00,2022-10-17 14:02:27.331000+00:00,False,16,32.918
2022-10-17 14:02:29.143000+00:00,2022-10-17 14:04:20.580000+00:00,True,56,111.437
2022-10-17 14:04:22.503000+00:00,2022-10-17 14:04:55.409000+00:00,False,18,32.906
2022-10-17 14:04:57.346000+00:00,2022-10-17 14:05:23.143000+00:00,True,13,25.797
2022-10-17 14:05:25.213000+00:00,2022-10-17 14:05:55.902000+00:00,False,17,30.689
2022-10-17 14:05:57.767000+00:00,2022-10-17 14:06:12.821000+00:00,True,9,15.054
2022-10-17 14:06:18.124000+00:00,2022-10-17 14:06:50.613000+00:00,False,18,32.489
2022-10-17 14:06:52.504000+00:00,2022-10-17 14:07:07.394000+00:00,True,9,14.89
2022-10-17 14:07:09.346000+00:00,2022-10-17 14:07:40.301000+00:00,False,15,30.955
2022-10-17 14:07:42.175000+00:00,2022-10-17 14:07:59.222000+00:00,True,10,17.047
2022-10-17 14:08:01.229000+00:00,2022-10-17 14:08:33.362000+00:00,False,16,32.133
2022-10-17 14:08:35.190000+00:00,2022-10-17 14:08:52.054000+00:00,True,10,16.864
2022-10-17 14:08:53.941000+00:00,2022-10-17 14:09:24.487000+00:00,False,17,30.546
2022-10-17 14:09:26.302000+00:00,2022-10-17 14:09:41.409000+00:00,True,7,15.107
2022-10-17 14:09:43.409000+00:00,2022-10-17 14:10:15.948000+00:00,False,18,32.539
2022-10-17 14:10:17.804000+00:00,2022-10-17 14:10:31.174000+00:00,True,8,13.37
2022-10-17 14:10:36.519000+00:00,2022-10-17 14:11:09.225000+00:00,False,18,32.706
2022-10-17 14:11:11.147000+00:00,2022-10-17 14:11:26.032000+00:00,True,9,14.885
2022-10-17 14:11:27.974000+00:00,2022-10-17 14:12:00.763000+00:00,False,16,32.789
2022-10-17 14:12:02.659000+00:00,2022-10-17 14:12:19.647000+00:00,True,10,16.988
2022-10-17 14:12:21.545000+00:00,2022-10-17 14:12:54.053000+00:00,False,16,32.508
2022-10-17 14:12:55.950000+00:00,2022-10-17 14:13:12.894000+00:00,True,10,16.944
2022-10-17 14:13:14.847000+00:00,2022-10-17 14:13:45.644000+00:00,False,17,30.797
2022-10-17 14:13:51.207000+00:00,2022-10-17 14:14:04.393000+00:00,True,8,13.186
2022-10-17 14:14:06.201000+00:00,2022-10-17 14:14:37.003000+00:00,False,17,30.802
2022-10-17 14:14:38.878000+00:00,2022-10-17 14:15:39.143000+00:00,True,31,60.265
2022-10-17 14:15:41.167000+00:00,2022-10-17 14:16:12.190000+00:00,False,15,31.023
2022-10-17 14:16:14.019000+00:00,2022-10-17 14:16:30.866000+00:00,True,10,16.847
2022-10-17 14:16:32.768000+00:00,2022-10-17 14:16:59.917000+00:00,False,15,27.149
2022-10-17 14:17:05.488000+00:00,2022-10-17 14:18:17.503000+00:00,True,37,72.015
2022-10-17 14:18:19.367000+00:00,2022-10-17 14:18:50.230000+00:00,False,17,30.863
2022-10-17 14:18:52.096000+00:00,2022-10-17 14:19:09.023000+00:00,True,10,16.927
2022-10-17 14:19:14.588000+00:00,2022-10-17 14:19:41.253000+00:00,False,15,26.665
2022-10-17 14:19:43.088000+00:00,2022-10-17 14:20:09.361000+00:00,True,15,26.273
2022-10-17 14:20:11.300000+00:00,2022-10-17 14:20:44.026000+00:00,False,16,32.726
2022-10-17 14:20:45.891000+00:00,2022-10-17 14:21:00.995000+00:00,True,9,15.104
2022-10-17 14:21:02.903000+00:00,2022-10-17 14:21:35.480000+00:00,False,16,32.577
2022-10-17 14:21:37.345000+00:00,2022-10-17 14:21:54.151000+00:00,True,10,16.806
2022-10-17 14:21:56.088000+00:00,2022-10-17 14:22:23.213000+00:00,False,15,27.125
2022-10-17 14:22:28.838000+00:00,2022-10-17 14:22:43.977000+00:00,True,9,15.139
2022-10-17 14:22:45.829000+00:00,2022-10-17 14:23:18.522000+00:00,False,18,32.693
2022-10-17 14:23:20.384000+00:00,2022-10-17 14:23:44.502000+00:00,True,12,24.118
2022-10-17 14:23:46.422000+00:00,2022-10-17 14:24:18.934000+00:00,False,18,32.512
2022-10-17 14:24:20.867000+00:00,2022-10-17 14:24:32.159000+00:00,True,7,11.292
2022-10-17 14:24:37.568000+00:00,2022-10-17 14:25:10.085000+00:00,False,18,32.517
2022-10-17 14:25:11.953000+00:00,2022-10-17 14:25:30.758000+00:00,True,11,18.805
2022-10-17 14:25:32.714000+00:00,2022-10-17 14:26:03.340000+00:00,False,15,30.626
2022-10-17 14:26:05.190000+00:00,2022-10-17 14:26:22.206000+00:00,True,10,17.016
2022-10-17 14:26:24.237000+00:00,2022-10-17 14:26:54.757000+00:00,False,15,30.52
2022-10-17 14:26:56.644000+00:00,2022-10-17 14:27:13.449000+00:00,True,10,16.805
2022-10-17 14:27:15.348000+00:00,2022-10-17 14:27:46.307000+00:00,False,17,30.959
2022-10-17 14:27:51.988000+00:00,2022-10-17 14:28:16.754000+00:00,True,14,24.766
2022-10-17 14:28:18.768000+00:00,2022-10-17 14:28:49.148000+00:00,False,17,30.38
2022-10-17 14:28:51.018000+00:00,2022-10-17 14:29:07.706000+00:00,True,8,16.688
2022-10-17 14:29:09.588000+00:00,2022-10-17 14:29:40.317000+00:00,False,17,30.729
2022-10-17 14:29:42.143000+00:00,2022-10-17 14:30:45.898000+00:00,True,33,63.755
2022-10-17 14:30:47.784000+00:00,2022-10-17 14:31:19.331000+00:00,False,15,31.547
2022-10-17 14:31:21.205000+00:00,2022-10-17 14:31:39.935000+00:00,True,11,18.73
2022-10-17 14:31:41.893000+00:00,2022-10-17 14:32:12.355000+00:00,False,15,30.462
2022-10-17 14:32:14.252000+00:00,2022-10-17 14:32:27.430000+00:00,True,8,13.178
2022-10-17 14:32:29.378000+00:00,2022-10-17 14:32:31.329000+00:00,False,2,1.951
2022-10-17 14:32:33.205000+00:00,2022-10-17 14:33:01.285000+00:00,True,16,28.08
2022-10-17 14:33:03.402000+00:00,2022-10-17 14:33:34.209000+00:00,False,15,30.807
2022-10-17 14:33:36.079000+00:00,2022-10-17 14:33:51.175000+00:00,True,9,15.096
2022-10-17 14:33:53.081000+00:00,2022-10-17 14:34:25.691000+00:00,False,16,32.61
2022-10-17 14:34:27.613000+00:00,2022-10-17 14:34:44.453000+00:00,True,10,16.84
2022-10-17 14:34:46.385000+00:00,2022-10-17 14:35:18.853000+00:00,False,18,32.468
2022-10-17 14:35:24.385000+00:00,2022-10-17 14:35:46.908000+00:00,True,13,22.523
2022-10-17 14:35:48.852000+00:00,2022-10-17 14:36:21.284000+00:00,False,18,32.432
2022-10-17 14:36:23.096000+00:00,2022-10-17 14:36:37.970000+00:00,True,7,14.874
2022-10-17 14:36:40.113000+00:00,2022-10-17 14:37:10.460000+00:00,False,17,30.347
2022-10-17 14:37:12.331000+00:00,2022-10-17 14:37:27.356000+00:00,True,9,15.025
2022-10-17 14:37:33.396000+00:00,2022-10-17 14:38:02.100000+00:00,False,16,28.704
2022-10-17 14:38:04.033000+00:00,2022-10-17 14:38:21.018000+00:00,True,10,16.985
2022-10-17 14:38:22.932000+00:00,2022-10-17 14:38:53.160000+00:00,False,15,30.228
2022-10-17 14:38:55.002000+00:00,2022-10-17 14:40:02.846000+00:00,True,35,67.844
2022-10-17 14:40:04.783000+00:00,2022-10-17 14:40:37.533000+00:00,False,18,32.75
2022-10-17 14:40:39.445000+00:00,2022-10-17 14:40:54.342000+00:00,True,7,14.897
2022-10-17 14:40:56.229000+00:00,2022-10-17 14:41:28.963000+00:00,False,18,32.734
2022-10-17 14:41:30.773000+00:00,2022-10-17 14:41:44.065000+00:00,True,8,13.292
2022-10-17 14:41:46.001000+00:00,2022-10-17 14:42:18.737000+00:00,False,16,32.736
2022-10-17 14:42:20.612000+00:00,2022-10-17 14:43:31.644000+00:00,True,37,71.032
2022-10-17 14:43:33.582000+00:00,2022-10-17 14:44:06.429000+00:00,False,16,32.847
2022-10-17 14:44:08.266000+00:00,2022-10-17 14:44:30.727000+00:00,True,13,22.461
2022-10-17 14:44:32.622000+00:00,2022-10-17 14:45:05.284000+00:00,False,16,32.662
2022-10-17 14:45:07.113000+00:00,2022-10-17 14:45:22.253000+00:00,True,9,15.14
2022-10-17 14:45:24.127000+00:00,2022-10-17 14:45:55.297000+00:00,False,17,31.17
2022-10-17 14:45:57.173000+00:00,2022-10-17 14:46:13.875000+00:00,True,8,16.702
2022-10-17 14:46:15.786000+00:00,2022-10-17 14:46:46.410000+00:00,False,17,30.624
2022-10-17 14:46:48.301000+00:00,2022-10-17 14:47:05.285000+00:00,True,10,16.984
2022-10-17 14:47:07.172000+00:00,2022-10-17 14:47:38.301000+00:00,False,15,31.129
2022-10-17 14:47:40.223000+00:00,2022-10-17 14:47:55.198000+00:00,True,9,14.975
2022-10-17 14:47:57.042000+00:00,2022-10-17 14:48:29.853000+00:00,False,16,32.811
2022-10-17 14:48:31.619000+00:00,2022-10-17 14:48:46.735000+00:00,True,9,15.116
2022-10-17 14:48:48.642000+00:00,2022-10-17 14:49:19.500000+00:00,False,17,30.858
2022-10-17 14:49:24.876000+00:00,2022-10-17 14:49:37.954000+00:00,True,8,13.078
2022-10-17 14:49:39.751000+00:00,2022-10-17 14:50:12.363000+00:00,False,18,32.612
2022-10-17 14:50:14.277000+00:00,2022-10-17 14:50:29.254000+00:00,True,7,14.977
2022-10-17 14:50:31.156000+00:00,2022-10-17 14:51:03.621000+00:00,False,18,32.465
2022-10-17 14:51:05.496000+00:00,2022-10-17 14:51:26.033000+00:00,True,12,20.537
2022-10-17 14:51:27.971000+00:00,2022-10-17 14:51:58.944000+00:00,False,15,30.973
2022-10-17 14:52:00.831000+00:00,2022-10-17 14:52:17.624000+00:00,True,10,16.793
2022-10-17 14:52:19.592000+00:00,2022-10-17 14:52:50.187000+00:00,False,15,30.595
2022-10-17 14:52:52.079000+00:00,2022-10-17 14:53:08.767000+00:00,True,10,16.688
2022-10-17 14:53:10.848000+00:00,2022-10-17 14:53:37.687000+00:00,False,15,26.839
2022-10-17 14:53:43.170000+00:00,2022-10-17 14:54:00.124000+00:00,True,10,16.954
2022-10-17 14:54:02.112000+00:00,2022-10-17 14:54:32.938000+00:00,False,17,30.826
2022-10-17 14:54:34.781000+00:00,2022-10-17 14:54:51.478000+00:00,True,8,16.697
2022-10-17 14:54:53.354000+00:00,2022-10-17 14:55:26.230000+00:00,False,18,32.876
2022-10-17 14:55:28.120000+00:00,2022-10-17 14:55:56.040000+00:00,True,14,27.92
2022-10-17 14:55:58.051000+00:00,2022-10-17 14:56:30.191000+00:00,False,18,32.14
2022-10-17 14:56:32.065000+00:00,2022-10-17 14:58:02.924000+00:00,True,45,90.859
2022-10-17 14:58:04.693000+00:00,2022-10-17 14:58:37.409000+00:00,False,18,32.716
2022-10-17 14:58:39.331000+00:00,2022-10-17 14:58:54.346000+00:00,True,9,15.015
2022-10-17 14:58:56.204000+00:00,2022-10-17 14:59:28.846000+00:00,False,16,32.642
2022-10-17 14:59:30.709000+00:00,2022-10-17 14:59:49.471000+00:00,True,11,18.762
2022-10-17 14:59:51.429000+00:00,2022-10-17 15:00:21.901000+00:00,False,15,30.472
2022-10-17 15:00:23.769000+00:00,2022-10-17 15:00:50.146000+00:00,True,15,26.377
2022-10-17 15:00:52.096000+00:00,2022-10-17 15:01:22.807000+00:00,False,15,30.711
2022-10-17 15:01:24.664000+00:00,2022-10-17 15:01:41.650000+00:00,True,10,16.986
2022-10-17 15:01:43.551000+00:00,2022-10-17 15:02:14.209000+00:00,False,17,30.658
2022-10-17 15:02:19.749000+00:00,2022-10-17 15:02:32.926000+00:00,True,8,13.177
2022-10-17 15:02:34.765000+00:00,2022-10-17 15:03:07.378000+00:00,False,18,32.613
2022-10-17 15:03:09.254000+00:00,2022-10-17 15:06:33.393000+00:00,True,103,204.139
2022-10-17 15:06:38.755000+00:00,2022-10-17 15:07:09.533000+00:00,False,17,30.778
2022-10-17 15:07:11.393000+00:00,2022-10-17 15:07:26.410000+00:00,True,9,15.017
2022-10-17 15:07:28.356000+00:00,2022-10-17 15:08:00.851000+00:00,False,16,32.495
2022-10-17 15:08:02.738000+00:00,2022-10-17 15:08:17.736000+00:00,True,9,14.998
2022-10-17 15:08:19.741000+00:00,2022-10-17 15:08:50.555000+00:00,False,15,30.814
2022-10-17 15:08:52.447000+00:00,2022-10-17 15:09:09.161000+00:00,True,10,16.714
2022-10-17 15:09:10.982000+00:00,2022-10-17 15:09:43.441000+00:00,False,18,32.459
2022-10-17 15:09:45.322000+00:00,2022-10-17 15:10:00.612000+00:00,True,7,15.29
2022-10-17 15:10:02.579000+00:00,2022-10-17 15:10:35.242000+00:00,False,18,32.663
2022-10-17 15:10:37.025000+00:00,2022-10-17 15:10:52.097000+00:00,True,9,15.072
2022-10-17 15:10:57.800000+00:00,2022-10-17 15:11:26.565000+00:00,False,16,28.765
2022-10-17 15:11:28.486000+00:00,2022-10-17 15:11:45.316000+00:00,True,10,16.83
2022-10-17 15:11:47.195000+00:00,2022-10-17 15:12:17.636000+00:00,False,15,30.441
2022-10-17 15:12:19.518000+00:00,2022-10-17 15:12:36.410000+00:00,True,10,16.892
2022-10-17 15:12:38.361000+00:00,2022-10-17 15:13:08.933000+00:00,False,15,30.572
2022-10-17 15:13:10.803000+00:00,2022-10-17 15:15:08.862000+00:00,True,43,118.059
2022-10-17 15:15:10.773000+00:00,2022-10-17 15:15:43.441000+00:00,False,18,32.668
2022-10-17 15:15:45.268000+00:00,2022-10-17 15:16:04.100000+00:00,True,11,18.832
2022-10-17 15:16:09.835000+00:00,2022-10-17 15:16:38.414000+00:00,False,16,28.579
2022-10-17 15:16:40.241000+00:00,2022-10-17 15:17:08.581000+00:00,True,16,28.34
2022-10-17 15:17:14.206000+00:00,2022-10-17 15:17:45.035000+00:00,False,17,30.829
2022-10-17 15:17:46.878000+00:00,2022-10-17 15:18:52.555000+00:00,True,34,65.677
2022-10-17 15:18:54.554000+00:00,2022-10-17 15:19:25.616000+00:00,False,15,31.062
2022-10-17 15:19:27.490000+00:00,2022-10-17 15:19:50.033000+00:00,True,13,22.543
2022-10-17 15:19:51.955000+00:00,2022-10-17 15:20:22.748000+00:00,False,17,30.793
2022-10-17 15:20:28.161000+00:00,2022-10-17 15:20:41.024000+00:00,True,8,12.863
2022-10-17 15:20:42.988000+00:00,2022-10-17 15:21:15.695000+00:00,False,18,32.707
2022-10-17 15:21:17.500000+00:00,2022-10-17 15:21:32.584000+00:00,True,7,15.084
2022-10-17 15:21:34.553000+00:00,2022-10-17 15:22:07.345000+00:00,False,18,32.792
2022-10-17 15:22:09.221000+00:00,2022-10-17 15:22:24.299000+00:00,True,9,15.078
2022-10-17 15:22:26.236000+00:00,2022-10-17 15:22:58.441000+00:00,False,16,32.205
2022-10-17 15:23:00.333000+00:00,2022-10-17 15:23:15.456000+00:00,True,9,15.123
2022-10-17 15:23:17.392000+00:00,2022-10-17 15:23:49.690000+00:00,False,16,32.298
2022-10-17 15:23:51.518000+00:00,2022-10-17 15:24:14.080000+00:00,True,13,22.562
2022-10-17 15:24:16.038000+00:00,2022-10-17 15:24:46.628000+00:00,False,15,30.59
2022-10-17 15:24:48.486000+00:00,2022-10-17 15:25:14.815000+00:00,True,15,26.329
2022-10-17 15:25:16.754000+00:00,2022-10-17 15:25:45.688000+00:00,False,16,28.934
2022-10-17 15:25:51.345000+00:00,2022-10-17 15:26:06.440000+00:00,True,9,15.095
2022-10-17 15:26:08.399000+00:00,2022-10-17 15:26:39.130000+00:00,False,17,30.731
2022-10-17 15:26:40.935000+00:00,2022-10-17 15:26:57.584000+00:00,True,8,16.649
2022-10-17 15:26:59.478000+00:00,2022-10-17 15:27:32.059000+00:00,False,18,32.581
2022-10-17 15:27:33.958000+00:00,2022-10-17 15:28:02.081000+00:00,True,14,28.123
2022-10-17 15:28:03.976000+00:00,2022-10-17 15:28:34.753000+00:00,False,17,30.777
2022-10-17 15:28:36.628000+00:00,2022-10-17 15:29:55.627000+00:00,True,41,78.999
2022-10-17 15:29:57.503000+00:00,2022-10-17 15:30:30.154000+00:00,False,16,32.651
2022-10-17 15:30:32.017000+00:00,2022-10-17 15:31:13.780000+00:00,True,21,41.763
2022-10-17 15:31:15.649000+00:00,2022-10-17 15:31:46.358000+00:00,False,17,30.709
2022-10-17 15:31:48.279000+00:00,2022-10-17 15:32:40.851000+00:00,True,27,52.572
2022-10-17 15:32:42.753000+00:00,2022-10-17 15:33:15.239000+00:00,False,18,32.486
2022-10-17 15:33:17.116000+00:00,2022-10-17 15:33:24.605000+00:00,True,3,7.489
2022-10-17 15:33:57.655000+00:00,2022-10-17 15:34:25.346000+00:00,False,13,27.691
2022-10-17 15:34:27.253000+00:00,2022-10-17 16:55:25.455000+00:00,True,2429,4858.202
2022-10-17 16:55:27.346000+00:00,2022-10-17 16:55:33.080000+00:00,False,4,5.734
2022-10-17 16:55:34.940000+00:00,2022-10-17 17:04:17.540000+00:00,True,245,522.6
2022-10-17 17:04:19.539000+00:00,2022-10-17 17:04:23.432000+00:00,False,3,3.893
2022-10-17 17:04:25.290000+00:00,2022-10-17 17:26:08.543000+00:00,True,653,1303.253
2022-10-17 17:26:10.497000+00:00,2022-10-17 17:26:47.125000+00:00,False,18,36.628
2022-10-17 17:26:48.996000+00:00,2022-10-17 17:28:42.206000+00:00,True,59,113.21
2022-10-17 17:28:44.174000+00:00,2022-10-17 17:29:15.003000+00:00,False,15,30.829
2022-10-17 17:29:16.877000+00:00,2022-10-17 17:29:33.612000+00:00,True,10,16.735
2022-10-17 17:29:35.519000+00:00,2022-10-17 17:30:06.775000+00:00,False,15,31.256
2022-10-17 17:30:08.706000+00:00,2022-10-17 17:30:27.657000+00:00,True,11,18.951
2022-10-17 17:30:29.565000+00:00,2022-10-17 17:31:00.214000+00:00,False,15,30.649
2022-10-17 17:31:02.032000+00:00,2022-10-17 17:31:19.034000+00:00,True,10,17.002
2022-10-17 17:31:21.023000+00:00,2022-10-17 17:31:53.627000+00:00,False,18,32.604
2022-10-17 17:31:55.504000+00:00,2022-10-17 17:33:02.799000+00:00,True,35,67.295
2022-10-17 17:33:09.117000+00:00,2022-10-17 17:33:37.821000+00:00,False,16,28.704
2022-10-17 17:33:39.735000+00:00,2022-10-17 17:36:50.347000+00:00,True,97,190.612
2022-10-17 17:36:52.252000+00:00,2022-10-17 17:37:22.668000+00:00,False,17,30.416
2022-10-17 17:37:28.425000+00:00,2022-10-17 17:38:57.361000+00:00,True,46,88.936
2022-10-17 17:38:59.246000+00:00,2022-10-17 17:39:31.625000+00:00,False,18,32.379
2022-10-17 17:39:37.489000+00:00,2022-10-17 17:39:48.763000+00:00,True,7,11.274
2022-10-17 17:39:50.736000+00:00,2022-10-17 17:40:21.373000+00:00,False,17,30.637
2022-10-17 17:40:23.217000+00:00,2022-10-17 17:50:51.691000+00:00,True,314,628.474
2022-10-17 17:50:53.579000+00:00,2022-10-17 17:51:22.690000+00:00,False,16,29.111
2022-10-17 17:51:28.016000+00:00,2022-10-17 17:52:26.378000+00:00,True,32,58.362
2022-10-17 17:52:32.877000+00:00,2022-10-17 17:53:01.831000+00:00,False,16,28.954
2022-10-17 17:53:03.706000+00:00,2022-10-17 17:53:20.550000+00:00,True,10,16.844
2022-10-17 17:53:22.447000+00:00,2022-10-17 17:53:54.721000+00:00,False,16,32.274
2022-10-17 17:53:56.534000+00:00,2022-10-17 17:54:15.430000+00:00,True,11,18.896
2022-10-17 17:54:17.337000+00:00,2022-10-17 17:54:48.291000+00:00,False,15,30.954
2022-10-17 17:54:50.156000+00:00,2022-10-17 17:55:06.823000+00:00,True,10,16.667
2022-10-17 17:55:08.735000+00:00,2022-10-17 17:55:39.589000+00:00,False,17,30.854
2022-10-17 17:55:41.518000+00:00,2022-10-17 17:55:56.347000+00:00,True,7,14.829
2022-10-17 17:55:58.161000+00:00,2022-10-17 17:56:30.929000+00:00,False,18,32.768
2022-10-17 17:56:32.799000+00:00,2022-10-17 17:56:45.929000+00:00,True,8,13.13
2022-10-17 17:56:51.398000+00:00,2022-10-17 17:57:22.173000+00:00,False,17,30.775
2022-10-17 17:57:23.962000+00:00,2022-10-17 17:57:40.899000+00:00,True,10,16.937
2022-10-17 17:57:42.794000+00:00,2022-10-17 17:58:15.384000+00:00,False,16,32.59
2022-10-17 17:58:17.306000+00:00,2022-10-17 17:58:32.479000+00:00,True,9,15.173
2022-10-17 17:58:34.480000+00:00,2022-10-17 17:59:05.353000+00:00,False,15,30.873
2022-10-17 17:59:07.244000+00:00,2022-10-17 17:59:22.035000+00:00,True,9,14.791
2022-10-17 17:59:23.971000+00:00,2022-10-17 17:59:57.003000+00:00,False,18,33.032
2022-10-17 17:59:58.877000+00:00,2022-10-17 18:00:11.705000+00:00,True,6,12.828
2022-10-17 18:00:13.545000+00:00,2022-10-17 18:00:44.406000+00:00,False,17,30.861
2022-10-17 18:00:46.280000+00:00,2022-10-17 18:00:59.454000+00:00,True,8,13.174
2022-10-17 18:01:01.342000+00:00,2022-10-17 18:01:03.219000+00:00,False,2,1.877
2022-10-17 18:01:05.077000+00:00,2022-10-17 18:01:55.441000+00:00,True,26,50.364
2022-10-17 18:01:57.393000+00:00,2022-10-17 18:02:30.339000+00:00,False,16,32.946
2022-10-17 18:02:32.165000+00:00,2022-10-17 18:03:38.344000+00:00,True,34,66.179
2022-10-17 18:03:40.215000+00:00,2022-10-17 18:04:12.785000+00:00,False,18,32.57
2022-10-17 18:04:14.650000+00:00,2022-10-17 18:04:33.316000+00:00,True,9,18.666
2022-10-17 18:04:35.268000+00:00,2022-10-17 18:05:05.899000+00:00,False,17,30.631
2022-10-17 18:05:07.784000+00:00,2022-10-17 18:05:22.892000+00:00,True,9,15.108
2022-10-17 18:05:28.706000+00:00,2022-10-17 18:05:57.229000+00:00,False,16,28.523
2022-10-17 18:05:59.157000+00:00,2022-10-17 18:06:27.238000+00:00,True,16,28.081
2022-10-17 18:06:33.137000+00:00,2022-10-17 18:07:06.284000+00:00,False,18,33.147
2022-10-17 18:07:08.206000+00:00,2022-10-17 18:07:26.971000+00:00,True,11,18.765
2022-10-17 18:07:28.861000+00:00,2022-10-17 18:08:01.237000+00:00,False,16,32.376
2022-10-17 18:08:03.153000+00:00,2022-10-17 18:08:18.140000+00:00,True,9,14.987
2022-10-17 18:08:19.970000+00:00,2022-10-17 18:08:52.696000+00:00,False,16,32.726
2022-10-17 18:08:54.635000+00:00,2022-10-17 18:09:13.316000+00:00,True,11,18.681
2022-10-17 18:09:15.215000+00:00,2022-10-17 18:09:47.638000+00:00,False,16,32.423
2022-10-17 18:09:49.487000+00:00,2022-10-17 18:10:28.926000+00:00,True,22,39.439
2022-10-17 18:10:30.843000+00:00,2022-10-17 18:11:01.817000+00:00,False,15,30.974
2022-10-17 18:11:03.714000+00:00,2022-10-17 18:11:20.897000+00:00,True,10,17.183
2022-10-17 18:11:22.720000+00:00,2022-10-17 18:11:51.221000+00:00,False,16,28.501
2022-10-17 18:11:56.721000+00:00,2022-10-17 18:12:11.877000+00:00,True,9,15.156
2022-10-17 18:12:13.847000+00:00,2022-10-17 18:12:44.177000+00:00,False,17,30.33
2022-10-17 18:12:46.044000+00:00,2022-10-17 18:13:03.049000+00:00,True,8,17.005
2022-10-17 18:13:04.952000+00:00,2022-10-17 18:13:35.483000+00:00,False,17,30.531
2022-10-17 18:13:37.369000+00:00,2022-10-17 18:14:05.514000+00:00,True,14,28.145
2022-10-17 18:14:07.422000+00:00,2022-10-17 18:14:37.698000+00:00,False,17,30.276
2022-10-17 18:14:39.631000+00:00,2022-10-17 18:14:58.449000+00:00,True,11,18.818
2022-10-17 18:15:00.387000+00:00,2022-10-17 18:15:33.153000+00:00,False,16,32.766
2022-10-17 18:15:35.033000+00:00,2022-10-17 18:15:50.129000+00:00,True,9,15.096
2022-10-17 18:15:52.118000+00:00,2022-10-17 18:16:22.649000+00:00,False,15,30.531
2022-10-17 18:16:24.487000+00:00,2022-10-17 18:16:39.612000+00:00,True,9,15.125
2022-10-17 18:16:41.492000+00:00,2022-10-17 18:17:14.050000+00:00,False,18,32.558
2022-10-17 18:17:19.753000+00:00,2022-10-17 18:17:31.053000+00:00,True,7,11.3
2022-10-17 18:17:32.987000+00:00,2022-10-17 18:18:03.753000+00:00,False,17,30.766
2022-10-17 18:18:05.627000+00:00,2022-10-17 18:18:26.058000+00:00,True,10,20.431
2022-10-17 18:18:28.027000+00:00,2022-10-17 18:18:58.894000+00:00,False,17,30.867
2022-10-17 18:19:00.758000+00:00,2022-10-17 18:19:15.976000+00:00,True,9,15.218
2022-10-17 18:19:17.768000+00:00,2022-10-17 18:19:50.228000+00:00,False,16,32.46
2022-10-17 18:19:52.128000+00:00,2022-10-17 18:20:07.138000+00:00,True,9,15.01
2022-10-17 18:20:09.062000+00:00,2022-10-17 18:20:41.758000+00:00,False,16,32.696
2022-10-17 18:20:43.636000+00:00,2022-10-17 18:20:58.474000+00:00,True,9,14.838
2022-10-17 18:21:00.341000+00:00,2022-10-17 18:21:32.973000+00:00,False,18,32.632
2022-10-17 18:21:38.533000+00:00,2022-10-17 18:21:49.815000+00:00,True,7,11.282
2022-10-17 18:21:51.717000+00:00,2022-10-17 18:22:24.330000+00:00,False,18,32.613
2022-10-17 18:22:26.222000+00:00,2022-10-17 18:22:59.910000+00:00,True,17,33.688
2022-10-17 18:23:01.830000+00:00,2022-10-17 18:23:32.642000+00:00,False,17,30.812
2022-10-17 18:23:34.517000+00:00,2022-10-17 18:24:24.800000+00:00,True,26,50.283
2022-10-17 18:24:26.651000+00:00,2022-10-17 18:24:57.928000+00:00,False,15,31.277
2022-10-17 18:24:59.815000+00:00,2022-10-17 18:25:26.206000+00:00,True,15,26.391
2022-10-17 18:25:28.257000+00:00,2022-10-17 18:25:58.756000+00:00,False,15,30.499
2022-10-17 18:26:00.633000+00:00,2022-10-17 18:26:19.441000+00:00,True,11,18.808
2022-10-17 18:26:21.319000+00:00,2022-10-17 18:26:54.149000+00:00,False,18,32.83
2022-10-17 18:26:56.040000+00:00,2022-10-17 18:27:18.473000+00:00,True,11,22.433
2022-10-17 18:27:20.409000+00:00,2022-10-17 18:27:53.064000+00:00,False,18,32.655
2022-10-17 18:27:54.971000+00:00,2022-10-17 18:28:09.863000+00:00,True,7,14.892
2022-10-17 18:28:11.721000+00:00,2022-10-17 18:28:42.410000+00:00,False,17,30.689
2022-10-17 18:28:44.277000+00:00,2022-10-17 18:29:01.237000+00:00,True,10,16.96
2022-10-17 18:29:03.232000+00:00,2022-10-17 18:29:33.517000+00:00,False,15,30.285
2022-10-17 18:29:35.339000+00:00,2022-10-17 18:29:54.142000+00:00,True,11,18.803
2022-10-17 18:29:56.050000+00:00,2022-10-17 18:30:26.988000+00:00,False,15,30.938
2022-10-17 18:30:28.924000+00:00,2022-10-17 18:30:58.941000+00:00,True,17,30.017
2022-10-17 18:31:00.837000+00:00,2022-10-17 18:31:31.679000+00:00,False,15,30.842
2022-10-17 18:31:33.504000+00:00,2022-10-17 18:31:54.316000+00:00,True,12,20.812
2022-10-17 18:31:56.258000+00:00,2022-10-17 18:32:28.586000+00:00,False,16,32.328
2022-10-17 18:32:30.510000+00:00,2022-10-17 18:32:47.528000+00:00,True,10,17.018
2022-10-17 18:32:49.449000+00:00,2022-10-17 18:33:19.867000+00:00,False,17,30.418
2022-10-17 18:33:21.706000+00:00,2022-10-17 18:33:42.471000+00:00,True,10,20.765
2022-10-17 18:33:44.338000+00:00,2022-10-17 18:34:15.375000+00:00,False,17,31.037
2022-10-17 18:34:17.194000+00:00,2022-10-17 18:34:34.008000+00:00,True,8,16.814
2022-10-17 18:34:35.906000+00:00,2022-10-17 18:35:08.635000+00:00,False,18,32.729
2022-10-17 18:35:10.527000+00:00,2022-10-17 18:35:27.503000+00:00,True,10,16.976
2022-10-17 18:35:29.441000+00:00,2022-10-17 18:36:02.003000+00:00,False,16,32.562
2022-10-17 18:36:03.880000+00:00,2022-10-17 18:36:20.706000+00:00,True,10,16.826
2022-10-17 18:36:22.633000+00:00,2022-10-17 18:36:53.276000+00:00,False,15,30.643
2022-10-17 18:36:55.065000+00:00,2022-10-17 18:37:21.269000+00:00,True,15,26.204
2022-10-17 18:37:23.190000+00:00,2022-10-17 18:37:54.041000+00:00,False,15,30.851
2022-10-17 18:37:55.930000+00:00,2022-10-17 18:38:16.628000+00:00,True,12,20.698
2022-10-17 18:38:18.566000+00:00,2022-10-17 18:38:47.432000+00:00,False,16,28.866
2022-10-17 18:38:52.846000+00:00,2022-10-17 18:39:09.721000+00:00,True,10,16.875
2022-10-17 18:39:11.658000+00:00,2022-10-17 18:39:42.603000+00:00,False,17,30.945
2022-10-17 18:39:44.493000+00:00,2022-10-17 18:40:03.399000+00:00,True,9,18.906
2022-10-17 18:40:05.306000+00:00,2022-10-17 18:40:36.441000+00:00,False,17,31.135
2022-10-17 18:40:38.331000+00:00,2022-10-17 18:46:11.265000+00:00,True,167,332.934
2022-10-17 18:46:13.149000+00:00,2022-10-17 18:46:44.800000+00:00,False,15,31.651
2022-10-17 18:46:46.632000+00:00,2022-10-17 18:47:01.690000+00:00,True,9,15.058
2022-10-17 18:47:03.580000+00:00,2022-10-17 18:47:36.196000+00:00,False,16,32.616
2022-10-17 18:47:38.107000+00:00,2022-10-17 18:47:53.118000+00:00,True,9,15.011
2022-10-17 18:47:55.057000+00:00,2022-10-17 18:48:25.896000+00:00,False,17,30.839
2022-10-17 18:48:27.822000+00:00,2022-10-17 18:53:30.637000+00:00,True,151,302.815
2022-10-17 18:53:32.535000+00:00,2022-10-17 18:54:03.566000+00:00,False,15,31.031
2022-10-17 18:54:05.481000+00:00,2022-10-17 18:54:24.066000+00:00,True,11,18.585
2022-10-17 18:54:26.054000+00:00,2022-10-17 18:54:26.054000+00:00,False,1,0.0
2022-10-17 18:54:27.972000+00:00,2022-10-17 18:54:56.101000+00:00,True,16,28.129
2022-10-17 18:55:02.192000+00:00,2022-10-17 18:55:33.061000+00:00,False,17,30.869
2022-10-17 18:55:34.914000+00:00,2022-10-17 18:55:49.804000+00:00,True,9,14.89
2022-10-17 18:55:51.652000+00:00,2022-10-17 18:56:24.119000+00:00,False,16,32.467
2022-10-17 18:56:25.982000+00:00,2022-10-17 18:56:41.013000+00:00,True,9,15.031
2022-10-17 18:56:42.930000+00:00,2022-10-17 18:57:15.415000+00:00,False,16,32.485
2022-10-17 18:57:17.330000+00:00,2022-10-17 18:57:34.378000+00:00,True,10,17.048
2022-10-17 18:57:36.316000+00:00,2022-10-17 18:58:06.878000+00:00,False,17,30.562
2022-10-17 18:58:08.753000+00:00,2022-10-17 18:58:34.728000+00:00,True,13,25.975
2022-10-17 18:58:36.635000+00:00,2022-10-17 18:59:07.304000+00:00,False,17,30.669
2022-10-17 18:59:09.181000+00:00,2022-10-17 18:59:26.055000+00:00,True,8,16.874
2022-10-17 18:59:27.988000+00:00,2022-10-17 18:59:59.024000+00:00,False,17,31.036
2022-10-17 19:00:00.892000+00:00,2022-10-17 19:00:16.038000+00:00,True,9,15.146
2022-10-17 19:00:17.908000+00:00,2022-10-17 19:00:50.129000+00:00,False,16,32.221
2022-10-17 19:00:52.005000+00:00,2022-10-17 19:01:07.025000+00:00,True,9,15.02
2022-10-17 19:01:08.962000+00:00,2022-10-17 19:01:41.735000+00:00,False,16,32.773
2022-10-17 19:01:43.640000+00:00,2022-10-17 19:01:58.721000+00:00,True,9,15.081
2022-10-17 19:02:00.564000+00:00,2022-10-17 19:02:29.402000+00:00,False,16,28.838
2022-10-17 19:02:34.744000+00:00,2022-10-17 19:02:49.733000+00:00,True,9,14.989
2022-10-17 19:02:51.682000+00:00,2022-10-17 19:03:22.478000+00:00,False,17,30.796
2022-10-17 19:03:24.360000+00:00,2022-10-17 19:04:29.979000+00:00,True,34,65.619
2022-10-17 19:04:31.845000+00:00,2022-10-17 19:05:02.730000+00:00,False,15,30.885
2022-10-17 19:05:04.637000+00:00,2022-10-17 19:05:21.627000+00:00,True,10,16.99
2022-10-17 19:05:23.599000+00:00,2022-10-17 19:05:54.064000+00:00,False,15,30.465
2022-10-17 19:05:55.914000+00:00,2022-10-17 19:06:12.878000+00:00,True,10,16.964
2022-10-17 19:06:14.783000+00:00,2022-10-17 19:06:47.081000+00:00,False,18,32.298
2022-10-17 19:06:52.944000+00:00,2022-10-17 19:07:04.137000+00:00,True,7,11.193
2022-10-17 19:07:06.039000+00:00,2022-10-17 19:07:36.535000+00:00,False,17,30.496
2022-10-17 19:07:38.442000+00:00,2022-10-17 19:07:51.442000+00:00,True,8,13.0
2022-10-17 19:07:57.415000+00:00,2022-10-17 19:08:29.845000+00:00,False,18,32.43
2022-10-17 19:08:31.675000+00:00,2022-10-17 19:08:48.565000+00:00,True,10,16.89
2022-10-17 19:08:50.609000+00:00,2022-10-17 19:09:20.894000+00:00,False,15,30.285
2022-10-17 19:09:22.813000+00:00,2022-10-17 19:09:39.766000+00:00,True,10,16.953
2022-10-17 19:09:41.673000+00:00,2022-10-17 19:10:12.454000+00:00,False,15,30.781
2022-10-17 19:10:14.330000+00:00,2022-10-17 19:10:29.752000+00:00,True,9,15.422
2022-10-17 19:10:31.647000+00:00,2022-10-17 19:11:04.206000+00:00,False,18,32.559
2022-10-17 19:11:06.132000+00:00,2022-10-17 19:11:20.915000+00:00,True,7,14.783
2022-10-17 19:11:22.942000+00:00,2022-10-17 19:11:53.648000+00:00,False,17,30.706
2022-10-17 19:11:55.534000+00:00,2022-10-17 19:12:10.580000+00:00,True,9,15.046
2022-10-17 19:12:16.377000+00:00,2022-10-17 19:12:44.986000+00:00,False,16,28.609
2022-10-17 19:12:46.815000+00:00,2022-10-17 19:13:03.624000+00:00,True,10,16.809
2022-10-17 19:13:05.502000+00:00,2022-10-17 19:13:36.442000+00:00,False,15,30.94
2022-10-17 19:13:38.378000+00:00,2022-10-17 19:13:55.285000+00:00,True,10,16.907
2022-10-17 19:13:57.226000+00:00,2022-10-17 19:14:27.649000+00:00,False,15,30.423
2022-10-17 19:14:29.557000+00:00,2022-10-17 19:14:46.338000+00:00,True,10,16.781
2022-10-17 19:14:48.308000+00:00,2022-10-17 19:15:19.330000+00:00,False,17,31.022
2022-10-17 19:15:21.244000+00:00,2022-10-17 19:15:36.107000+00:00,True,7,14.863
2022-10-17 19:15:38.025000+00:00,2022-10-17 19:16:10.857000+00:00,False,18,32.832
2022-10-17 19:16:12.741000+00:00,2022-10-17 19:16:27.846000+00:00,True,9,15.105
2022-10-17 19:16:29.793000+00:00,2022-10-17 19:17:00.595000+00:00,False,15,30.802
2022-10-17 19:17:02.472000+00:00,2022-10-17 19:17:21.369000+00:00,True,11,18.897
2022-10-17 19:17:23.381000+00:00,2022-10-17 19:17:53.976000+00:00,False,15,30.595
2022-10-17 19:17:55.915000+00:00,2022-10-17 19:18:12.880000+00:00,True,10,16.965
2022-10-17 19:18:14.918000+00:00,2022-10-17 19:18:45.449000+00:00,False,15,30.531
2022-10-17 19:18:47.347000+00:00,2022-10-17 19:19:06.139000+00:00,True,11,18.792
2022-10-17 19:19:08.035000+00:00,2022-10-17 19:19:40.534000+00:00,False,18,32.499
2022-10-17 19:19:42.408000+00:00,2022-10-17 19:19:59.285000+00:00,True,8,16.877
2022-10-17 19:20:01.241000+00:00,2022-10-17 19:20:31.825000+00:00,False,17,30.584
2022-10-17 19:20:33.662000+00:00,2022-10-17 19:20:48.893000+00:00,True,9,15.231
2022-10-17 19:20:54.519000+00:00,2022-10-17 19:21:23.744000+00:00,False,16,29.225
2022-10-17 19:21:25.627000+00:00,2022-10-17 19:21:46.139000+00:00,True,12,20.512
2022-10-17 19:21:48.050000+00:00,2022-10-17 19:22:20.378000+00:00,False,16,32.328
2022-10-17 19:22:22.193000+00:00,2022-10-17 19:22:41.042000+00:00,True,11,18.849
2022-10-17 19:22:42.991000+00:00,2022-10-17 19:23:13.887000+00:00,False,15,30.896
2022-10-17 19:23:15.662000+00:00,2022-10-17 19:23:36.141000+00:00,True,12,20.479
2022-10-17 19:23:38.008000+00:00,2022-10-17 19:24:08.937000+00:00,False,15,30.929
2022-10-17 19:24:10.825000+00:00,2022-10-17 19:24:31.454000+00:00,True,12,20.629
2022-10-17 19:24:33.384000+00:00,2022-10-17 19:25:04.105000+00:00,False,17,30.721
2022-10-17 19:25:06.014000+00:00,2022-10-17 19:26:05.928000+00:00,True,31,59.914
2022-10-17 19:26:07.878000+00:00,2022-10-17 19:26:40.760000+00:00,False,16,32.882
2022-10-17 19:26:42.627000+00:00,2022-10-17 19:26:57.597000+00:00,True,9,14.97
2022-10-17 19:26:59.472000+00:00,2022-10-17 19:27:30.216000+00:00,False,15,30.744
2022-10-17 19:27:32.104000+00:00,2022-10-17 19:27:48.924000+00:00,True,10,16.82
2022-10-17 19:27:50.806000+00:00,2022-10-17 19:28:21.638000+00:00,False,17,30.832
2022-10-17 19:28:23.472000+00:00,2022-10-17 19:28:40.190000+00:00,True,8,16.718
2022-10-17 19:28:42.223000+00:00,2022-10-17 19:29:12.895000+00:00,False,17,30.672
2022-10-17 19:29:14.783000+00:00,2022-10-17 19:29:27.940000+00:00,True,8,13.157
2022-10-17 19:29:33.195000+00:00,2022-10-17 19:30:04.003000+00:00,False,17,30.808
2022-10-17 19:30:05.852000+00:00,2022-10-17 19:30:24.513000+00:00,True,11,18.661
2022-10-17 19:30:26.622000+00:00,2022-10-17 19:30:56.783000+00:00,False,15,30.161
2022-10-17 19:30:58.650000+00:00,2022-10-17 19:31:17.405000+00:00,True,11,18.755
2022-10-17 19:31:19.327000+00:00,2022-10-17 19:31:50.330000+00:00,False,15,31.003
2022-10-17 19:31:52.151000+00:00,2022-10-17 19:32:08.909000+00:00,True,10,16.758
2022-10-17 19:32:10.788000+00:00,2022-10-17 19:32:41.656000+00:00,False,17,30.868
2022-10-17 19:32:47.254000+00:00,2022-10-17 19:33:02.238000+00:00,True,9,14.984
2022-10-17 19:33:04.127000+00:00,2022-10-17 19:33:36.925000+00:00,False,18,32.798
2022-10-17 19:33:38.816000+00:00,2022-10-17 19:33:57.392000+00:00,True,9,18.576
2022-10-17 19:33:59.333000+00:00,2022-10-17 19:34:30.252000+00:00,False,17,30.919
2022-10-17 19:34:32.128000+00:00,2022-10-17 19:34:49.112000+00:00,True,10,16.984
2022-10-17 19:34:51.081000+00:00,2022-10-17 19:35:21.847000+00:00,False,15,30.766
2022-10-17 19:35:23.721000+00:00,2022-10-17 19:35:38.622000+00:00,True,9,14.901
2022-10-17 19:35:40.590000+00:00,2022-10-17 19:36:13.240000+00:00,False,16,32.65
2022-10-17 19:36:15.088000+00:00,2022-10-17 19:36:30.237000+00:00,True,9,15.149
2022-10-17 19:36:32.156000+00:00,2022-10-17 19:37:00.898000+00:00,False,16,28.742
2022-10-17 19:37:06.239000+00:00,2022-10-17 19:41:48.722000+00:00,True,142,282.483
2022-10-17 19:41:50.624000+00:00,2022-10-17 19:42:23.377000+00:00,False,18,32.753
2022-10-17 19:42:28.754000+00:00,2022-10-17 19:42:40.081000+00:00,True,7,11.327
2022-10-17 19:42:41.964000+00:00,2022-10-17 19:43:12.956000+00:00,False,17,30.992
2022-10-17 19:43:14.846000+00:00,2022-10-17 19:43:28.009000+00:00,True,8,13.163
2022-10-17 19:43:33.383000+00:00,2022-10-17 19:44:04.290000+00:00,False,17,30.907
2022-10-17 19:44:06.143000+00:00,2022-10-17 19:44:28.655000+00:00,True,13,22.512
2022-10-17 19:44:30.608000+00:00,2022-10-17 19:45:03.263000+00:00,False,16,32.655
2022-10-17 19:45:05.200000+00:00,2022-10-17 19:45:20.157000+00:00,True,9,14.957
2022-10-17 19:45:22.132000+00:00,2022-10-17 19:45:52.808000+00:00,False,15,30.676
2022-10-17 19:45:54.722000+00:00,2022-10-17 19:46:35.961000+00:00,True,23,41.239
2022-10-17 19:46:37.895000+00:00,2022-10-17 19:47:08.893000+00:00,False,15,30.998
2022-10-17 19:47:10.773000+00:00,2022-10-17 19:47:25.851000+00:00,True,9,15.078
2022-10-17 19:47:27.753000+00:00,2022-10-17 19:48:00.033000+00:00,False,16,32.28
2022-10-17 19:48:01.910000+00:00,2022-10-17 19:48:20.664000+00:00,True,11,18.754
2022-10-17 19:48:22.596000+00:00,2022-10-17 19:48:51.550000+00:00,False,16,28.954
2022-10-17 19:48:57.003000+00:00,2022-10-17 19:49:26.878000+00:00,True,17,29.875
2022-10-17 19:49:28.896000+00:00,2022-10-17 19:49:55.634000+00:00,False,15,26.738
2022-10-17 19:50:01.487000+00:00,2022-10-17 19:53:26.665000+00:00,True,104,205.178
2022-10-17 19:53:28.622000+00:00,2022-10-17 19:53:59.784000+00:00,False,17,31.162
2022-10-17 19:54:01.690000+00:00,2022-10-17 19:56:33.041000+00:00,True,75,151.351
2022-10-17 19:56:34.990000+00:00,2022-10-17 19:57:05.630000+00:00,False,17,30.64
2022-10-17 19:57:07.462000+00:00,2022-10-17 19:57:28.299000+00:00,True,12,20.837
2022-10-17 19:57:33.613000+00:00,2022-10-17 19:58:06.280000+00:00,False,18,32.667
2022-10-17 19:58:08.205000+00:00,2022-10-17 19:58:32.575000+00:00,True,14,24.37
2022-10-17 19:58:38.309000+00:00,2022-10-17 19:59:04.989000+00:00,False,15,26.68
2022-10-17 19:59:06.856000+00:00,2022-10-17 19:59:27.628000+00:00,True,12,20.772
2022-10-17 19:59:29.581000+00:00,2022-10-17 20:00:00.581000+00:00,False,15,31.0
2022-10-17 20:00:02.458000+00:00,2022-10-17 20:00:26.806000+00:00,True,14,24.348
2022-10-17 20:00:28.798000+00:00,2022-10-17 20:01:01.086000+00:00,False,16,32.288
2022-10-17 20:01:02.947000+00:00,2022-10-17 20:01:17.883000+00:00,True,9,14.936
2022-10-17 20:01:19.852000+00:00,2022-10-17 20:01:46.762000+00:00,False,15,26.91
2022-10-17 20:01:52.309000+00:00,2022-10-17 20:02:09.185000+00:00,True,10,16.876
2022-10-17 20:02:11.099000+00:00,2022-10-17 20:02:41.866000+00:00,False,17,30.767
2022-10-17 20:02:43.723000+00:00,2022-10-17 20:03:00.511000+00:00,True,8,16.788
2022-10-17 20:03:02.450000+00:00,2022-10-17 20:03:33.170000+00:00,False,17,30.72
2022-10-17 20:03:35.090000+00:00,2022-10-17 20:03:52.043000+00:00,True,10,16.953
2022-10-17 20:03:53.922000+00:00,2022-10-17 20:04:26.753000+00:00,False,16,32.831
2022-10-17 20:04:28.627000+00:00,2022-10-17 20:04:43.691000+00:00,True,9,15.064
2022-10-17 20:04:45.586000+00:00,2022-10-17 20:05:16.015000+00:00,False,15,30.429
2022-10-17 20:05:17.852000+00:00,2022-10-17 20:05:36.457000+00:00,True,11,18.605
2022-10-17 20:05:38.353000+00:00,2022-10-17 20:06:05.113000+00:00,False,15,26.76
2022-10-17 20:06:11.038000+00:00,2022-10-17 20:06:35.631000+00:00,True,14,24.593
2022-10-17 20:06:37.558000+00:00,2022-10-17 20:07:10.335000+00:00,False,18,32.777
2022-10-17 20:07:15.697000+00:00,2022-10-17 20:07:26.941000+00:00,True,7,11.244
2022-10-17 20:07:28.894000+00:00,2022-10-17 20:07:59.861000+00:00,False,17,30.967
2022-10-17 20:08:01.673000+00:00,2022-10-17 20:08:14.909000+00:00,True,8,13.236
2022-10-17 20:08:20.441000+00:00,2022-10-17 20:08:50.983000+00:00,False,17,30.542
2022-10-17 20:08:52.815000+00:00,2022-10-17 20:09:11.597000+00:00,True,11,18.782
2022-10-17 20:09:13.532000+00:00,2022-10-17 20:09:44.315000+00:00,False,15,30.783
2022-10-17 20:09:46.170000+00:00,2022-10-17 20:10:02.994000+00:00,True,10,16.824
2022-10-17 20:10:04.956000+00:00,2022-10-17 20:10:35.581000+00:00,False,15,30.625
2022-10-17 20:10:37.456000+00:00,2022-10-17 20:10:52.455000+00:00,True,9,14.999
2022-10-17 20:10:54.370000+00:00,2022-10-17 20:11:27.028000+00:00,False,18,32.658
2022-10-17 20:11:28.956000+00:00,2022-10-17 20:11:43.815000+00:00,True,7,14.859
2022-10-17 20:11:45.679000+00:00,2022-10-17 20:12:16.237000+00:00,False,17,30.558
2022-10-17 20:12:18.080000+00:00,2022-10-17 20:12:33.236000+00:00,True,9,15.156
2022-10-17 20:12:38.894000+00:00,2022-10-17 20:13:07.622000+00:00,False,16,28.728
2022-10-17 20:13:09.519000+00:00,2022-10-17 20:13:26.502000+00:00,True,10,16.983
2022-10-17 20:13:28.455000+00:00,2022-10-17 20:13:58.931000+00:00,False,15,30.476
2022-10-17 20:14:00.851000+00:00,2022-10-17 20:14:17.737000+00:00,True,10,16.886
2022-10-17 20:14:19.678000+00:00,2022-10-17 20:14:51.815000+00:00,False,16,32.137
2022-10-17 20:14:53.632000+00:00,2022-10-17 20:17:48.690000+00:00,True,73,175.058
2022-10-17 20:17:50.600000+00:00,2022-10-17 20:18:20.805000+00:00,False,14,30.205
2022-10-17 20:18:22.660000+00:00,2022-10-17 20:18:35.705000+00:00,True,8,13.045
2022-10-17 20:18:37.612000+00:00,2022-10-17 20:18:37.612000+00:00,False,1,0.0
2022-10-17 20:18:39.481000+00:00,2022-10-17 20:19:09.681000+00:00,True,15,30.2
2022-10-17 20:19:11.691000+00:00,2022-10-17 20:19:42.205000+00:00,False,17,30.514
2022-10-17 20:19:44.081000+00:00,2022-10-17 20:20:02.909000+00:00,True,11,18.828
2022-10-17 20:20:08.461000+00:00,2022-10-17 20:20:37.308000+00:00,False,16,28.847
2022-10-17 20:20:39.184000+00:00,2022-10-17 20:21:12.902000+00:00,True,17,33.718
2022-10-17 20:21:14.776000+00:00,2022-10-17 20:21:47.383000+00:00,False,18,32.607
2022-10-17 20:21:49.310000+00:00,2022-10-17 20:22:08.195000+00:00,True,11,18.885
2022-10-17 20:22:10.091000+00:00,2022-10-17 20:22:42.306000+00:00,False,16,32.215
2022-10-17 20:22:44.190000+00:00,2022-10-17 20:23:01.116000+00:00,True,10,16.926
2022-10-17 20:23:02.955000+00:00,2022-10-17 20:23:35.480000+00:00,False,16,32.525
2022-10-17 20:23:37.331000+00:00,2022-10-17 20:23:54.331000+00:00,True,10,17.0
2022-10-17 20:23:56.275000+00:00,2022-10-17 20:24:27.066000+00:00,False,15,30.791
2022-10-17 20:24:28.940000+00:00,2022-10-17 20:25:02.873000+00:00,True,19,33.933
2022-10-17 20:25:04.811000+00:00,2022-10-17 20:25:37.268000+00:00,False,16,32.457
2022-10-17 20:25:39.138000+00:00,2022-10-17 20:27:42.441000+00:00,True,62,123.303
2022-10-17 20:27:44.393000+00:00,2022-10-17 20:28:16.565000+00:00,False,18,32.172
2022-10-17 20:28:18.489000+00:00,2022-10-17 20:28:33.608000+00:00,True,9,15.119
2022-10-17 20:28:35.530000+00:00,2022-10-17 20:29:06.112000+00:00,False,15,30.582
2022-10-17 20:29:07.967000+00:00,2022-10-17 20:29:24.795000+00:00,True,10,16.828
2022-10-17 20:29:26.749000+00:00,2022-10-17 20:29:57.417000+00:00,False,15,30.668
2022-10-17 20:29:59.276000+00:00,2022-10-17 20:30:14.498000+00:00,True,9,15.222
2022-10-17 20:30:16.345000+00:00,2022-10-17 20:30:46.977000+00:00,False,17,30.632
2022-10-17 20:30:48.909000+00:00,2022-10-17 20:31:05.664000+00:00,True,8,16.755
2022-10-17 20:31:07.439000+00:00,2022-10-17 20:31:39.749000+00:00,False,18,32.31
2022-10-17 20:31:41.635000+00:00,2022-10-17 20:31:52.873000+00:00,True,7,11.238
2022-10-17 20:31:58.780000+00:00,2022-10-17 20:32:29.310000+00:00,False,17,30.53
2022-10-17 20:32:31.137000+00:00,2022-10-17 20:32:57.456000+00:00,True,15,26.319
2022-10-17 20:33:03.330000+00:00,2022-10-17 20:33:34.127000+00:00,False,17,30.797
2022-10-17 20:33:35.976000+00:00,2022-10-17 20:33:50.944000+00:00,True,9,14.968
2022-10-17 20:33:52.924000+00:00,2022-10-17 20:34:23.587000+00:00,False,15,30.663
2022-10-17 20:34:25.456000+00:00,2022-10-17 20:34:40.494000+00:00,True,9,15.038
2022-10-17 20:34:42.449000+00:00,2022-10-17 20:35:14.623000+00:00,False,16,32.174
2022-10-17 20:35:16.508000+00:00,2022-10-17 20:35:33.471000+00:00,True,10,16.963
2022-10-17 20:35:35.332000+00:00,2022-10-17 20:36:05.962000+00:00,False,17,30.63
2022-10-17 20:36:07.862000+00:00,2022-10-17 20:36:26.456000+00:00,True,9,18.594
2022-10-17 20:36:28.565000+00:00,2022-10-17 20:36:59.141000+00:00,False,17,30.576
2022-10-17 20:37:01.038000+00:00,2022-10-17 20:37:16.206000+00:00,True,9,15.168
2022-10-17 20:37:22.064000+00:00,2022-10-17 20:37:50.882000+00:00,False,16,28.818
2022-10-17 20:37:52.768000+00:00,2022-10-17 20:38:11.518000+00:00,True,11,18.75
2022-10-17 20:38:13.430000+00:00,2022-10-17 20:38:45.706000+00:00,False,16,32.276
2022-10-17 20:38:47.619000+00:00,2022-10-17 20:39:02.635000+00:00,True,9,15.016
2022-10-17 20:39:04.628000+00:00,2022-10-17 20:39:35.376000+00:00,False,15,30.748
2022-10-17 20:39:37.219000+00:00,2022-10-17 20:39:52.690000+00:00,True,9,15.471
2022-10-17 20:39:54.568000+00:00,2022-10-17 20:40:25.346000+00:00,False,17,30.778
2022-10-17 20:40:27.283000+00:00,2022-10-17 20:40:51.543000+00:00,True,12,24.26
2022-10-17 20:40:53.470000+00:00,2022-10-17 20:41:23.960000+00:00,False,17,30.49
2022-10-17 20:41:25.867000+00:00,2022-10-17 20:41:42.786000+00:00,True,8,16.919
2022-10-17 20:41:44.769000+00:00,2022-10-17 20:42:15.441000+00:00,False,17,30.672
2022-10-17 20:42:17.363000+00:00,2022-10-17 20:42:34.315000+00:00,True,10,16.952
2022-10-17 20:42:36.259000+00:00,2022-10-17 20:43:06.545000+00:00,False,15,30.286
2022-10-17 20:43:08.457000+00:00,2022-10-17 20:43:25.425000+00:00,True,10,16.968
2022-10-17 20:43:27.301000+00:00,2022-10-17 20:43:58.400000+00:00,False,15,31.099
2022-10-17 20:44:00.308000+00:00,2022-10-17 20:44:17.159000+00:00,True,10,16.851
2022-10-17 20:44:19.112000+00:00,2022-10-17 20:44:49.944000+00:00,False,17,30.832
2022-10-17 20:44:55.616000+00:00,2022-10-17 20:45:06.928000+00:00,True,7,11.312
2022-10-17 20:45:08.824000+00:00,2022-10-17 20:45:41.191000+00:00,False,18,32.367
2022-10-17 20:45:43.057000+00:00,2022-10-17 20:46:07.565000+00:00,True,12,24.508
2022-10-17 20:46:09.363000+00:00,2022-10-17 20:46:40.118000+00:00,False,17,30.755
2022-10-17 20:46:41.946000+00:00,2022-10-17 20:47:51.472000+00:00,True,36,69.526
2022-10-17 20:47:53.331000+00:00,2022-10-17 20:48:24.487000+00:00,False,15,31.156
2022-10-17 20:48:26.362000+00:00,2022-10-17 20:48:48.863000+00:00,True,13,22.501
2022-10-17 20:48:50.807000+00:00,2022-10-17 20:49:21.759000+00:00,False,15,30.952
2022-10-17 20:49:23.612000+00:00,2022-10-17 20:49:40.390000+00:00,True,10,16.778
2022-10-17 20:49:42.233000+00:00,2022-10-17 20:50:12.897000+00:00,False,17,30.664
2022-10-17 20:50:18.594000+00:00,2022-10-17 20:50:33.530000+00:00,True,9,14.936
2022-10-17 20:50:35.473000+00:00,2022-10-17 20:51:06.064000+00:00,False,17,30.591
2022-10-17 20:51:07.956000+00:00,2022-10-17 20:51:24.862000+00:00,True,8,16.906
2022-10-17 20:51:26.796000+00:00,2022-10-17 20:51:57.871000+00:00,False,17,31.075
2022-10-17 20:51:59.799000+00:00,2022-10-17 20:52:15.007000+00:00,True,9,15.208
2022-10-17 20:52:16.917000+00:00,2022-10-17 20:52:49.353000+00:00,False,16,32.436
2022-10-17 20:52:51.159000+00:00,2022-10-17 20:53:15.439000+00:00,True,14,24.28
2022-10-17 20:53:17.346000+00:00,2022-10-17 20:53:50.034000+00:00,False,16,32.688
2022-10-17 20:53:51.956000+00:00,2022-10-17 20:54:06.926000+00:00,True,9,14.97
2022-10-17 20:54:08.784000+00:00,2022-10-17 20:54:41.202000+00:00,False,16,32.418
2022-10-17 20:54:43.093000+00:00,2022-10-17 20:55:00.030000+00:00,True,10,16.937
2022-10-17 20:55:01.889000+00:00,2022-10-17 20:55:32.530000+00:00,False,17,30.641
2022-10-17 20:55:34.452000+00:00,2022-10-17 20:55:51.548000+00:00,True,8,17.096
2022-10-17 20:55:53.440000+00:00,2022-10-17 20:56:24.040000+00:00,False,17,30.6
2022-10-17 20:56:25.913000+00:00,2022-10-17 20:56:40.923000+00:00,True,9,15.01
2022-10-17 20:56:46.801000+00:00,2022-10-17 20:57:15.315000+00:00,False,16,28.514
2022-10-17 20:57:17.237000+00:00,2022-10-17 20:57:33.940000+00:00,True,10,16.703
2022-10-17 20:57:35.821000+00:00,2022-10-17 20:58:06.690000+00:00,False,15,30.869
2022-10-17 20:58:08.612000+00:00,2022-10-17 20:58:25.627000+00:00,True,10,17.015
2022-10-17 20:58:27.612000+00:00,2022-10-17 20:58:57.809000+00:00,False,15,30.197
2022-10-17 20:58:59.736000+00:00,2022-10-17 20:59:14.823000+00:00,True,9,15.087
2022-10-17 20:59:16.770000+00:00,2022-10-17 20:59:49.236000+00:00,False,18,32.466
2022-10-17 20:59:51.082000+00:00,2022-10-17 21:00:28.638000+00:00,True,19,37.556
2022-10-17 21:00:30.549000+00:00,2022-10-17 21:00:59.415000+00:00,False,16,28.866
2022-10-17 21:01:04.845000+00:00,2022-10-17 21:01:49.804000+00:00,True,25,44.959
2022-10-17 21:01:51.600000+00:00,2022-10-17 21:02:23.231000+00:00,False,15,31.631
2022-10-17 21:02:25.150000+00:00,2022-10-17 21:02:41.907000+00:00,True,10,16.757
2022-10-17 21:02:43.807000+00:00,2022-10-17 21:03:14.848000+00:00,False,15,31.041
2022-10-17 21:03:16.767000+00:00,2022-10-17 21:03:37.519000+00:00,True,12,20.752
2022-10-17 21:03:39.372000+00:00,2022-10-17 21:04:12.080000+00:00,False,18,32.708
2022-10-17 21:04:13.894000+00:00,2022-10-17 21:04:34.316000+00:00,True,10,20.422
2022-10-17 21:04:36.198000+00:00,2022-10-17 21:05:08.581000+00:00,False,18,32.383
2022-10-17 21:05:10.457000+00:00,2022-10-17 21:05:25.550000+00:00,True,7,15.093
2022-10-17 21:05:27.505000+00:00,2022-10-17 21:05:59.752000+00:00,False,18,32.247
2022-10-17 21:06:01.628000+00:00,2022-10-17 21:06:16.565000+00:00,True,9,14.937
2022-10-17 21:06:18.470000+00:00,2022-10-17 21:06:49.495000+00:00,False,15,31.025
2022-10-17 21:06:51.377000+00:00,2022-10-17 21:07:08.348000+00:00,True,10,16.971
2022-10-17 21:07:10.276000+00:00,2022-10-17 21:07:40.576000+00:00,False,15,30.3
2022-10-17 21:07:42.497000+00:00,2022-10-17 21:07:57.529000+00:00,True,9,15.032
2022-10-17 21:07:59.423000+00:00,2022-10-17 21:08:31.983000+00:00,False,18,32.56
2022-10-17 21:08:37.378000+00:00,2022-10-17 21:08:48.723000+00:00,True,7,11.345
2022-10-17 21:08:50.627000+00:00,2022-10-17 21:09:23.221000+00:00,False,18,32.594
2022-10-17 21:09:25.149000+00:00,2022-10-17 21:09:51.219000+00:00,True,13,26.07
2022-10-17 21:09:53.289000+00:00,2022-10-17 21:10:24.276000+00:00,False,17,30.987
2022-10-17 21:10:26.162000+00:00,2022-10-17 21:10:41.237000+00:00,True,9,15.075
2022-10-17 21:10:46.691000+00:00,2022-10-17 21:11:15.416000+00:00,False,16,28.725
2022-10-17 21:11:17.222000+00:00,2022-10-17 21:11:32.330000+00:00,True,9,15.108
2022-10-17 21:11:34.283000+00:00,2022-10-17 21:11:36.199000+00:00,False,2,1.916
2022-10-17 21:11:38.137000+00:00,2022-10-17 21:12:06.539000+00:00,True,14,28.402
2022-10-17 21:12:08.409000+00:00,2022-10-17 21:12:39.232000+00:00,False,17,30.823
2022-10-17 21:12:41.133000+00:00,2022-10-17 21:13:11.205000+00:00,True,15,30.072
2022-10-17 21:13:13.121000+00:00,2022-10-17 21:13:45.727000+00:00,False,18,32.606
2022-10-17 21:13:47.642000+00:00,2022-10-17 21:14:02.518000+00:00,True,7,14.876
2022-10-17 21:14:04.478000+00:00,2022-10-17 21:14:36.799000+00:00,False,18,32.321
2022-10-17 21:14:38.707000+00:00,2022-10-17 21:14:53.628000+00:00,True,9,14.921
2022-10-17 21:14:55.496000+00:00,2022-10-17 21:15:26.728000+00:00,False,15,31.232
2022-10-17 21:15:28.658000+00:00,2022-10-17 21:15:45.340000+00:00,True,10,16.682
2022-10-17 21:15:47.175000+00:00,2022-10-17 21:16:17.976000+00:00,False,15,30.801
2022-10-17 21:16:19.832000+00:00,2022-10-17 21:17:18.767000+00:00,True,30,58.935
2022-10-17 21:17:20.693000+00:00,2022-10-17 21:17:51.271000+00:00,False,17,30.578
2022-10-17 21:17:53.193000+00:00,2022-10-17 21:18:10.270000+00:00,True,10,17.077
2022-10-17 21:18:12.223000+00:00,2022-10-17 21:18:43.141000+00:00,False,15,30.918
2022-10-17 21:18:45.008000+00:00,2022-10-17 21:19:01.977000+00:00,True,10,16.969
2022-10-17 21:19:03.993000+00:00,2022-10-17 21:19:34.436000+00:00,False,15,30.443
2022-10-17 21:19:36.320000+00:00,2022-10-17 21:19:53.112000+00:00,True,10,16.792
2022-10-17 21:19:55.026000+00:00,2022-10-17 21:20:24.182000+00:00,False,16,29.156
2022-10-17 21:20:29.516000+00:00,2022-10-17 21:20:59.481000+00:00,True,17,29.965
2022-10-17 21:21:01.359000+00:00,2022-10-17 21:21:28.289000+00:00,False,15,26.93
2022-10-17 21:21:34.128000+00:00,2022-10-17 21:21:49.222000+00:00,True,9,15.094
2022-10-17 21:21:51.118000+00:00,2022-10-17 21:22:23.635000+00:00,False,18,32.517
2022-10-17 21:22:25.565000+00:00,2022-10-17 21:22:40.593000+00:00,True,7,15.028
2022-10-17 21:22:42.429000+00:00,2022-10-17 21:23:13.305000+00:00,False,17,30.876
2022-10-17 21:23:15.217000+00:00,2022-10-17 21:23:30.217000+00:00,True,9,15.0
2022-10-17 21:23:32.162000+00:00,2022-10-17 21:24:04.753000+00:00,False,16,32.591
2022-10-17 21:24:06.587000+00:00,2022-10-17 21:24:23.582000+00:00,True,10,16.995
2022-10-17 21:24:25.447000+00:00,2022-10-17 21:24:56.433000+00:00,False,15,30.986
2022-10-17 21:24:58.347000+00:00,2022-10-17 21:25:13.455000+00:00,True,9,15.108
2022-10-17 21:25:15.362000+00:00,2022-10-17 21:25:48.069000+00:00,False,18,32.707
2022-10-17 21:25:53.475000+00:00,2022-10-17 21:26:04.897000+00:00,True,7,11.422
2022-10-17 21:26:06.879000+00:00,2022-10-17 21:26:37.320000+00:00,False,17,30.441
2022-10-17 21:26:39.240000+00:00,2022-10-17 21:26:52.247000+00:00,True,8,13.007
2022-10-17 21:26:57.832000+00:00,2022-10-17 21:27:28.814000+00:00,False,17,30.982
2022-10-17 21:27:30.596000+00:00,2022-10-17 21:27:47.580000+00:00,True,10,16.984
2022-10-17 21:27:49.566000+00:00,2022-10-17 21:28:20.152000+00:00,False,15,30.586
2022-10-17 21:28:22.084000+00:00,2022-10-17 21:28:50.347000+00:00,True,16,28.263
2022-10-17 21:28:52.300000+00:00,2022-10-17 21:29:24.643000+00:00,False,16,32.343
2022-10-17 21:29:26.518000+00:00,2022-10-17 21:29:41.487000+00:00,True,9,14.969
2022-10-17 21:29:43.394000+00:00,2022-10-17 21:30:15.643000+00:00,False,16,32.249
2022-10-17 21:30:17.533000+00:00,2022-10-17 21:30:32.721000+00:00,True,9,15.188
2022-10-17 21:30:34.627000+00:00,2022-10-17 21:31:05.209000+00:00,False,17,30.582
2022-10-17 21:31:07.136000+00:00,2022-10-17 21:32:49.144000+00:00,True,51,102.008
2022-10-17 21:32:51.041000+00:00,2022-10-17 21:33:20.080000+00:00,False,16,29.039
2022-10-17 21:33:25.486000+00:00,2022-10-17 21:33:40.502000+00:00,True,9,15.016
2022-10-17 21:33:42.386000+00:00,2022-10-17 21:34:14.738000+00:00,False,18,32.352
2022-10-17 21:34:16.666000+00:00,2022-10-17 21:34:31.706000+00:00,True,7,15.04
2022-10-17 21:34:33.643000+00:00,2022-10-17 21:35:06.054000+00:00,False,18,32.411
2022-10-17 21:35:07.906000+00:00,2022-10-17 21:35:26.815000+00:00,True,11,18.909
2022-10-17 21:35:28.741000+00:00,2022-10-17 21:35:59.807000+00:00,False,15,31.066
2022-10-17 21:36:01.737000+00:00,2022-10-17 21:36:16.737000+00:00,True,9,15.0
2022-10-17 21:36:18.618000+00:00,2022-10-17 21:36:51.117000+00:00,False,16,32.499
2022-10-17 21:36:52.987000+00:00,2022-10-17 21:37:08.090000+00:00,True,9,15.103
2022-10-17 21:37:10.020000+00:00,2022-10-17 21:37:38.777000+00:00,False,16,28.757
2022-10-17 21:37:44.161000+00:00,2022-10-17 21:38:04.798000+00:00,True,12,20.637
2022-10-17 21:38:06.768000+00:00,2022-10-17 21:38:39.350000+00:00,False,18,32.582
2022-10-17 21:38:41.205000+00:00,2022-10-17 21:38:56.116000+00:00,True,7,14.911
2022-10-17 21:38:58.016000+00:00,2022-10-17 21:39:30.612000+00:00,False,18,32.596
2022-10-17 21:39:32.503000+00:00,2022-10-17 21:39:47.611000+00:00,True,9,15.108
2022-10-17 21:39:53.042000+00:00,2022-10-17 21:40:21.424000+00:00,False,16,28.382
2022-10-17 21:40:23.357000+00:00,2022-10-17 21:40:45.952000+00:00,True,13,22.595
2022-10-17 21:40:47.794000+00:00,2022-10-17 21:41:18.648000+00:00,False,15,30.854
2022-10-17 21:41:20.566000+00:00,2022-10-17 21:41:35.573000+00:00,True,9,15.007
2022-10-17 21:41:37.481000+00:00,2022-10-17 21:42:09.941000+00:00,False,16,32.46
2022-10-17 21:42:11.846000+00:00,2022-10-17 22:06:43.172000+00:00,True,738,1471.326
2022-10-17 22:06:49.267000+00:00,2022-10-17 22:07:20.043000+00:00,False,17,30.776
2022-10-17 22:07:21.956000+00:00,2022-10-17 22:16:08.369000+00:00,True,264,526.413
2022-10-17 22:16:10.418000+00:00,2022-10-17 22:16:41.409000+00:00,False,15,30.991
2022-10-17 22:16:43.285000+00:00,2022-10-17 22:17:03.878000+00:00,True,12,20.593
2022-10-17 22:17:05.796000+00:00,2022-10-17 22:17:36.503000+00:00,False,15,30.707
2022-10-17 22:17:38.316000+00:00,2022-10-17 22:17:55.065000+00:00,True,10,16.749
2022-10-17 22:17:56.924000+00:00,2022-10-17 22:18:27.572000+00:00,False,17,30.648
2022-10-17 22:18:29.428000+00:00,2022-10-17 22:18:44.690000+00:00,True,7,15.262
2022-10-17 22:18:46.566000+00:00,2022-10-17 22:19:19.281000+00:00,False,18,32.715
2022-10-17 22:19:21.188000+00:00,2022-10-17 22:19:36.233000+00:00,True,9,15.045
2022-10-17 22:19:38.224000+00:00,2022-10-17 22:20:09.183000+00:00,False,15,30.959
2022-10-17 22:20:11.069000+00:00,2022-10-17 22:20:28.003000+00:00,True,10,16.934
2022-10-17 22:20:29.870000+00:00,2022-10-17 22:21:02.299000+00:00,False,16,32.429
2022-10-17 22:21:04.127000+00:00,2022-10-17 22:21:21.100000+00:00,True,10,16.973
2022-10-17 22:21:23.050000+00:00,2022-10-17 22:21:55.629000+00:00,False,16,32.579
2022-10-17 22:21:57.565000+00:00,2022-10-17 22:22:16.316000+00:00,True,11,18.751
2022-10-17 22:22:18.243000+00:00,2022-10-17 22:22:48.507000+00:00,False,17,30.264
2022-10-17 22:22:50.331000+00:00,2022-10-17 22:23:05.807000+00:00,True,7,15.476
2022-10-17 22:23:07.690000+00:00,2022-10-17 22:23:38.221000+00:00,False,17,30.531
2022-10-17 22:23:40.095000+00:00,2022-10-17 22:24:02.502000+00:00,True,11,22.407
2022-10-17 22:24:04.444000+00:00,2022-10-17 22:24:35.065000+00:00,False,17,30.621
2022-10-17 22:24:36.940000+00:00,2022-10-17 22:24:51.878000+00:00,True,9,14.938
2022-10-17 22:24:53.787000+00:00,2022-10-17 22:25:24.504000+00:00,False,15,30.717
2022-10-17 22:25:26.332000+00:00,2022-10-17 22:25:41.457000+00:00,True,9,15.125
2022-10-17 22:25:43.359000+00:00,2022-10-17 22:26:13.645000+00:00,False,15,30.286
2022-10-17 22:26:15.517000+00:00,2022-10-17 22:26:30.612000+00:00,True,9,15.095
2022-10-17 22:26:32.518000+00:00,2022-10-17 22:27:03.347000+00:00,False,17,30.829
2022-10-17 22:27:05.252000+00:00,2022-10-17 22:28:10.773000+00:00,True,34,65.521
2022-10-17 22:28:12.670000+00:00,2022-10-17 22:28:43.957000+00:00,False,15,31.287
2022-10-17 22:28:45.819000+00:00,2022-10-17 22:29:00.726000+00:00,True,9,14.907
2022-10-17 22:29:02.680000+00:00,2022-10-17 22:29:33.534000+00:00,False,15,30.854
2022-10-17 22:29:35.408000+00:00,2022-10-17 22:29:52.290000+00:00,True,10,16.882
2022-10-17 22:29:54.218000+00:00,2022-10-17 22:30:25.063000+00:00,False,17,30.845
2022-10-17 22:30:30.669000+00:00,2022-10-17 22:30:39.893000+00:00,True,6,9.224
2022-10-17 22:30:41.991000+00:00,2022-10-17 22:31:14.619000+00:00,False,18,32.628
2022-10-17 22:31:16.494000+00:00,2022-10-17 22:31:29.631000+00:00,True,8,13.137
2022-10-17 22:31:35.369000+00:00,2022-10-17 22:32:04.045000+00:00,False,16,28.676
2022-10-17 22:32:05.914000+00:00,2022-10-17 22:32:18.957000+00:00,True,8,13.043
2022-10-17 22:32:20.900000+00:00,2022-10-17 22:32:53.503000+00:00,False,16,32.603
2022-10-17 22:32:55.341000+00:00,2022-10-17 22:33:12.206000+00:00,True,10,16.865
2022-10-17 22:33:14.098000+00:00,2022-10-17 22:33:44.754000+00:00,False,15,30.656
2022-10-17 22:33:46.652000+00:00,2022-10-17 22:34:32.065000+00:00,True,25,45.413
2022-10-17 22:34:33.950000+00:00,2022-10-17 22:35:06.893000+00:00,False,16,32.943
2022-10-17 22:35:08.768000+00:00,2022-10-17 22:35:48.136000+00:00,True,22,39.368
2022-10-17 22:35:54.116000+00:00,2022-10-17 22:36:24.881000+00:00,False,17,30.765
2022-10-17 22:36:26.676000+00:00,2022-10-17 22:36:39.862000+00:00,True,8,13.186
2022-10-17 22:36:41.770000+00:00,2022-10-17 22:37:14.338000+00:00,False,16,32.568
2022-10-17 22:37:16.206000+00:00,2022-10-17 22:37:31.086000+00:00,True,9,14.88
2022-10-17 22:37:32.973000+00:00,2022-10-17 22:38:03.804000+00:00,False,15,30.831
2022-10-17 22:38:05.641000+00:00,2022-10-17 22:38:32.127000+00:00,True,15,26.486
2022-10-17 22:38:34.034000+00:00,2022-10-17 22:39:03.002000+00:00,False,16,28.968
2022-10-17 22:39:08.535000+00:00,2022-10-17 22:41:03.627000+00:00,True,60,115.092
2022-10-17 22:41:05.676000+00:00,2022-10-17 22:41:36.869000+00:00,False,15,31.193
2022-10-17 22:41:38.717000+00:00,2022-10-17 22:41:53.752000+00:00,True,9,15.035
2022-10-17 22:41:55.640000+00:00,2022-10-17 22:42:26.564000+00:00,False,15,30.924
2022-10-17 22:42:28.440000+00:00,2022-10-17 22:42:47.049000+00:00,True,11,18.609
2022-10-17 22:42:48.945000+00:00,2022-10-17 22:42:48.945000+00:00,False,1,0.0
2022-10-17 22:42:50.805000+00:00,2022-10-17 22:43:57.039000+00:00,True,34,66.234
2022-10-17 22:43:58.977000+00:00,2022-10-17 22:44:25.740000+00:00,False,15,26.763
2022-10-17 22:44:31.493000+00:00,2022-10-17 22:44:48.563000+00:00,True,10,17.07
2022-10-17 22:44:50.446000+00:00,2022-10-17 22:45:21.177000+00:00,False,17,30.731
2022-10-17 22:45:23.002000+00:00,2022-10-17 22:46:12.430000+00:00,True,25,49.428
2022-10-17 22:46:14.399000+00:00,2022-10-17 22:46:45.352000+00:00,False,15,30.953
2022-10-17 22:46:47.290000+00:00,2022-10-17 22:47:00.370000+00:00,True,8,13.08
2022-10-17 22:47:02.275000+00:00,2022-10-17 22:47:34.791000+00:00,False,18,32.516
2022-10-17 22:47:36.643000+00:00,2022-10-17 22:47:57.081000+00:00,True,10,20.438
2022-10-17 22:47:59.008000+00:00,2022-10-17 22:48:29.534000+00:00,False,17,30.526
2022-10-17 22:48:31.409000+00:00,2022-10-17 22:48:44.613000+00:00,True,8,13.204
2022-10-17 22:48:50.253000+00:00,2022-10-17 22:49:21.203000+00:00,False,17,30.95
2022-10-17 22:49:23.057000+00:00,2022-10-17 22:49:38.234000+00:00,True,9,15.177
2022-10-17 22:49:40.118000+00:00,2022-10-17 22:50:12.628000+00:00,False,16,32.51
2022-10-17 22:50:14.565000+00:00,2022-10-17 22:50:33.269000+00:00,True,11,18.704
2022-10-17 22:50:35.253000+00:00,2022-10-17 22:51:05.730000+00:00,False,15,30.477
2022-10-17 22:51:07.647000+00:00,2022-10-17 22:51:22.627000+00:00,True,9,14.98
2022-10-17 22:51:24.580000+00:00,2022-10-17 22:51:57.190000+00:00,False,18,32.61
2022-10-17 22:51:59.018000+00:00,2022-10-17 22:52:17.736000+00:00,True,9,18.718
2022-10-17 22:52:19.660000+00:00,2022-10-17 22:52:50.229000+00:00,False,17,30.569
2022-10-17 22:52:52.128000+00:00,2022-10-17 22:53:50.596000+00:00,True,30,58.468
2022-10-17 22:53:52.566000+00:00,2022-10-17 22:54:23.487000+00:00,False,15,30.921
2022-10-17 22:54:25.315000+00:00,2022-10-17 22:54:38.564000+00:00,True,8,13.249
2022-10-17 22:54:40.440000+00:00,2022-10-17 22:55:13.268000+00:00,False,18,32.828
2022-10-17 22:55:18.768000+00:00,2022-10-17 22:55:31.992000+00:00,True,8,13.224
2022-10-17 22:55:33.989000+00:00,2022-10-17 22:56:04.684000+00:00,False,17,30.695
2022-10-17 22:56:06.565000+00:00,2022-10-17 22:56:17.768000+00:00,True,7,11.203
2022-10-17 22:56:23.190000+00:00,2022-10-17 22:56:54.017000+00:00,False,17,30.827
2022-10-17 22:56:55.833000+00:00,2022-10-17 22:57:12.798000+00:00,True,10,16.965
2022-10-17 22:57:14.704000+00:00,2022-10-17 22:57:46.876000+00:00,False,16,32.172
2022-10-17 22:57:48.750000+00:00,2022-10-17 22:58:03.723000+00:00,True,9,14.973
2022-10-17 22:58:05.528000+00:00,2022-10-17 22:58:38.237000+00:00,False,16,32.709
2022-10-17 22:58:40.019000+00:00,2022-10-17 22:58:56.871000+00:00,True,10,16.852
2022-10-17 22:58:58.786000+00:00,2022-10-17 22:59:31.153000+00:00,False,18,32.367
2022-10-17 22:59:36.841000+00:00,2022-10-17 22:59:48.142000+00:00,True,7,11.301
2022-10-17 22:59:50.012000+00:00,2022-10-17 23:00:20.697000+00:00,False,17,30.685
2022-10-17 23:00:22.573000+00:00,2022-10-17 23:00:35.748000+00:00,True,8,13.175
2022-10-17 23:00:41.173000+00:00,2022-10-17 23:01:14.157000+00:00,False,18,32.984
2022-10-17 23:01:16.085000+00:00,2022-10-17 23:01:30.991000+00:00,True,9,14.906
2022-10-17 23:01:32.979000+00:00,2022-10-17 23:02:05.280000+00:00,False,16,32.301
2022-10-17 23:02:07.128000+00:00,2022-10-17 23:02:44.811000+00:00,True,21,37.683
2022-10-17 23:02:50.413000+00:00,2022-10-17 23:03:21.300000+00:00,False,17,30.887
2022-10-17 23:03:23.096000+00:00,2022-10-17 23:03:39.988000+00:00,True,10,16.892
2022-10-17 23:03:42.027000+00:00,2022-10-17 23:04:12.487000+00:00,False,15,30.46
2022-10-17 23:04:14.362000+00:00,2022-10-17 23:04:31.269000+00:00,True,10,16.907
2022-10-17 23:04:33.214000+00:00,2022-10-17 23:05:05.425000+00:00,False,16,32.211
2022-10-17 23:05:07.299000+00:00,2022-10-17 23:05:29.940000+00:00,True,13,22.641
2022-10-17 23:05:31.928000+00:00,2022-10-17 23:05:58.954000+00:00,False,15,27.026
2022-10-17 23:06:04.470000+00:00,2022-10-17 23:08:47.892000+00:00,True,84,163.422
2022-10-17 23:08:49.786000+00:00,2022-10-17 23:09:20.867000+00:00,False,15,31.081
2022-10-17 23:09:22.753000+00:00,2022-10-17 23:10:17.408000+00:00,True,30,54.655
2022-10-17 23:10:23.677000+00:00,2022-10-17 23:10:52.345000+00:00,False,16,28.668
2022-10-17 23:10:54.221000+00:00,2022-10-17 23:11:14.785000+00:00,True,12,20.564
2022-10-17 23:11:16.722000+00:00,2022-10-17 23:11:49.330000+00:00,False,16,32.608
2022-10-17 23:11:51.192000+00:00,2022-10-17 23:12:13.815000+00:00,True,13,22.623
2022-10-17 23:12:15.670000+00:00,2022-10-17 23:12:48.132000+00:00,False,16,32.462
2022-10-17 23:12:50.081000+00:00,2022-10-17 23:13:07.128000+00:00,True,10,17.047
2022-10-17 23:13:09.104000+00:00,2022-10-17 23:13:40.119000+00:00,False,15,31.015
2022-10-17 23:13:42.002000+00:00,2022-10-17 23:14:06.252000+00:00,True,14,24.25
2022-10-17 23:14:08.112000+00:00,2022-10-17 23:14:37.236000+00:00,False,16,29.124
2022-10-17 23:14:42.629000+00:00,2022-10-17 23:14:55.742000+00:00,True,8,13.113
2022-10-17 23:14:57.676000+00:00,2022-10-17 23:15:28.652000+00:00,False,17,30.976
2022-10-17 23:15:30.565000+00:00,2022-10-17 23:15:54.596000+00:00,True,12,24.031
2022-10-17 23:15:56.460000+00:00,2022-10-17 23:16:27.055000+00:00,False,17,30.595
2022-10-17 23:16:28.931000+00:00,2022-10-17 23:16:45.817000+00:00,True,10,16.886
2022-10-17 23:16:51.624000+00:00,2022-10-17 23:17:22.491000+00:00,False,17,30.867
2022-10-17 23:17:24.357000+00:00,2022-10-17 23:17:50.656000+00:00,True,15,26.299
2022-10-17 23:17:56.070000+00:00,2022-10-17 23:18:26.594000+00:00,False,17,30.524
2022-10-17 23:18:28.516000+00:00,2022-10-17 23:18:49.234000+00:00,True,12,20.718
2022-10-17 23:18:51.121000+00:00,2022-10-17 23:19:21.987000+00:00,False,15,30.866
2022-10-17 23:19:23.925000+00:00,2022-10-17 23:19:46.472000+00:00,True,13,22.547
2022-10-17 23:19:48.479000+00:00,2022-10-17 23:20:19.290000+00:00,False,15,30.811
2022-10-17 23:20:21.221000+00:00,2022-10-17 23:20:42.081000+00:00,True,12,20.86
2022-10-17 23:20:44.018000+00:00,2022-10-17 23:21:14.475000+00:00,False,15,30.457
2022-10-17 23:21:16.347000+00:00,2022-10-17 23:21:48.284000+00:00,True,18,31.937
2022-10-17 23:21:50.199000+00:00,2022-10-17 23:22:22.909000+00:00,False,16,32.71
2022-10-17 23:22:24.784000+00:00,2022-10-17 23:22:45.315000+00:00,True,12,20.531
2022-10-17 23:22:47.150000+00:00,2022-10-17 23:23:20.037000+00:00,False,16,32.887
2022-10-17 23:23:21.956000+00:00,2022-10-17 23:23:55.741000+00:00,True,19,33.785
2022-10-17 23:23:57.672000+00:00,2022-10-17 23:24:30.277000+00:00,False,16,32.605
2022-10-17 23:24:32.215000+00:00,2022-10-17 23:24:51.002000+00:00,True,11,18.787
2022-10-17 23:24:52.840000+00:00,2022-10-17 23:25:23.517000+00:00,False,17,30.677
2022-10-17 23:25:29.111000+00:00,2022-10-17 23:25:49.658000+00:00,True,12,20.547
2022-10-17 23:25:51.524000+00:00,2022-10-17 23:26:22.569000+00:00,False,17,31.045
2022-10-17 23:26:24.492000+00:00,2022-10-17 23:26:42.913000+00:00,True,9,18.421
2022-10-17 23:26:45.008000+00:00,2022-10-17 23:27:15.850000+00:00,False,17,30.842
2022-10-17 23:27:17.767000+00:00,2022-10-17 23:27:32.846000+00:00,True,9,15.079
2022-10-17 23:27:38.189000+00:00,2022-10-17 23:28:08.892000+00:00,False,17,30.703
2022-10-17 23:28:10.772000+00:00,2022-10-17 23:28:37.049000+00:00,True,15,26.277
2022-10-17 23:28:42.722000+00:00,2022-10-17 23:29:10.157000+00:00,False,15,27.435
2022-10-17 23:29:12.025000+00:00,2022-10-17 23:29:28.879000+00:00,True,10,16.854
2022-10-17 23:29:30.825000+00:00,2022-10-17 23:30:03.300000+00:00,False,16,32.475
2022-10-17 23:30:05.152000+00:00,2022-10-17 23:30:20.253000+00:00,True,9,15.101
2022-10-17 23:30:22.128000+00:00,2022-10-17 23:30:54.362000+00:00,False,16,32.234
2022-10-17 23:30:56.237000+00:00,2022-10-17 23:31:24.425000+00:00,True,16,28.188
2022-10-17 23:31:26.393000+00:00,2022-10-17 23:31:57.049000+00:00,False,15,30.656
2022-10-17 23:31:58.910000+00:00,2022-10-17 23:32:15.883000+00:00,True,10,16.973
2022-10-17 23:32:17.715000+00:00,2022-10-17 23:32:48.398000+00:00,False,17,30.683
2022-10-17 23:32:50.254000+00:00,2022-10-17 23:33:07.191000+00:00,True,8,16.937
2022-10-17 23:33:09.097000+00:00,2022-10-17 23:33:39.956000+00:00,False,17,30.859
2022-10-17 23:33:41.893000+00:00,2022-10-17 23:34:00.929000+00:00,True,11,19.036
2022-10-17 23:34:06.429000+00:00,2022-10-17 23:34:35.337000+00:00,False,16,28.908
2022-10-17 23:34:37.155000+00:00,2022-10-17 23:34:52.112000+00:00,True,9,14.957
2022-10-17 23:34:54.055000+00:00,2022-10-17 23:35:26.955000+00:00,False,16,32.9
2022-10-17 23:35:28.877000+00:00,2022-10-17 23:36:01.116000+00:00,True,18,32.239
2022-10-17 23:36:03.112000+00:00,2022-10-17 23:36:33.769000+00:00,False,15,30.657
2022-10-17 23:36:35.674000+00:00,2022-10-17 23:36:56.238000+00:00,True,12,20.564
2022-10-17 23:36:58.226000+00:00,2022-10-17 23:37:28.462000+00:00,False,15,30.236
2022-10-17 23:37:30.330000+00:00,2022-10-17 23:37:50.705000+00:00,True,12,20.375
2022-10-17 23:37:52.709000+00:00,2022-10-17 23:38:20.147000+00:00,False,15,27.438
2022-10-17 23:38:25.507000+00:00,2022-10-17 23:39:03.383000+00:00,True,21,37.876
2022-10-17 23:39:05.320000+00:00,2022-10-17 23:39:38.024000+00:00,False,16,32.704
2022-10-17 23:39:39.821000+00:00,2022-10-17 23:39:54.820000+00:00,True,9,14.999
2022-10-17 23:39:56.752000+00:00,2022-10-17 23:40:27.520000+00:00,False,17,30.768
2022-10-17 23:40:29.362000+00:00,2022-10-17 23:40:46.071000+00:00,True,8,16.709
2022-10-17 23:40:48.018000+00:00,2022-10-17 23:40:49.940000+00:00,False,2,1.922
2022-10-17 23:40:51.816000+00:00,2022-10-17 23:41:25.590000+00:00,True,19,33.774
2022-10-17 23:41:27.618000+00:00,2022-10-17 23:41:58.535000+00:00,False,15,30.917
2022-10-17 23:42:00.408000+00:00,2022-10-17 23:42:32.268000+00:00,True,18,31.86
2022-10-17 23:42:34.147000+00:00,2022-10-17 23:43:06.927000+00:00,False,16,32.78
2022-10-17 23:43:08.815000+00:00,2022-10-17 23:43:25.655000+00:00,True,10,16.84
2022-10-17 23:43:27.581000+00:00,2022-10-17 23:43:58.246000+00:00,False,15,30.665
2022-10-17 23:44:00.132000+00:00,2022-10-17 23:44:20.819000+00:00,True,12,20.687
2022-10-17 23:44:22.737000+00:00,2022-10-17 23:44:55.065000+00:00,False,16,32.328
2022-10-17 23:44:56.940000+00:00,2022-10-17 23:45:12.050000+00:00,True,9,15.11
2022-10-17 23:45:13.968000+00:00,2022-10-17 23:45:46.253000+00:00,False,18,32.285
2022-10-17 23:45:48.128000+00:00,2022-10-17 23:46:09.097000+00:00,True,10,20.969
2022-10-17 23:46:10.991000+00:00,2022-10-17 23:46:43.815000+00:00,False,18,32.824
2022-10-17 23:46:45.726000+00:00,2022-10-17 23:47:11.465000+00:00,True,13,25.739
2022-10-17 23:47:13.543000+00:00,2022-10-17 23:47:44.324000+00:00,False,17,30.781
2022-10-17 23:47:46.162000+00:00,2022-10-17 23:48:01.203000+00:00,True,9,15.041
2022-10-17 23:48:06.673000+00:00,2022-10-17 23:48:37.455000+00:00,False,17,30.782
2022-10-17 23:48:39.328000+00:00,2022-10-17 23:48:58.048000+00:00,True,11,18.72
2022-10-17 23:48:59.989000+00:00,2022-10-17 23:49:30.689000+00:00,False,15,30.7
2022-10-17 23:49:32.721000+00:00,2022-10-17 23:49:51.532000+00:00,True,11,18.811
2022-10-17 23:49:53.454000+00:00,2022-10-17 23:50:25.541000+00:00,False,16,32.087
2022-10-17 23:50:27.432000+00:00,2022-10-17 23:50:44.369000+00:00,True,10,16.937
2022-10-17 23:50:46.253000+00:00,2022-10-17 23:51:15.092000+00:00,False,16,28.839
2022-10-17 23:51:20.643000+00:00,2022-10-17 23:51:41.439000+00:00,True,12,20.796
2022-10-17 23:51:43.362000+00:00,2022-10-17 23:52:15.882000+00:00,False,18,32.52
2022-10-17 23:52:17.752000+00:00,2022-10-17 23:52:38.624000+00:00,True,10,20.872
2022-10-17 23:52:40.549000+00:00,2022-10-17 23:53:11.257000+00:00,False,17,30.708
2022-10-17 23:53:13.112000+00:00,2022-10-17 23:53:39.130000+00:00,True,13,26.018
2022-10-17 23:53:41.088000+00:00,2022-10-17 23:54:11.882000+00:00,False,17,30.794
2022-10-17 23:54:13.769000+00:00,2022-10-17 23:54:58.629000+00:00,True,23,44.86
2022-10-17 23:55:00.526000+00:00,2022-10-17 23:55:33.003000+00:00,False,18,32.477
2022-10-17 23:55:38.722000+00:00,2022-10-17 23:56:03.123000+00:00,True,14,24.401
2022-10-17 23:56:05.023000+00:00,2022-10-17 23:56:37.739000+00:00,False,18,32.716
2022-10-17 23:56:43.294000+00:00,2022-10-17 23:57:00.264000+00:00,True,10,16.97
2022-10-17 23:57:02.139000+00:00,2022-10-17 23:57:34.771000+00:00,False,18,32.632
2022-10-17 23:57:36.620000+00:00,2022-10-17 23:57:53.362000+00:00,True,8,16.742
2022-10-17 23:57:55.333000+00:00,2022-10-17 23:58:28.178000+00:00,False,18,32.845
2022-10-17 23:58:30.129000+00:00,2022-10-17 23:58:54.097000+00:00,True,12,23.968
2022-10-17 23:58:55.955000+00:00,2022-10-17 23:59:26.503000+00:00,False,17,30.548
2022-10-17 23:59:28.362000+00:00,2022-10-17 23:59:47.096000+00:00,True,11,18.734
2022-10-17 23:59:49.097000+00:00,2022-10-18 00:00:20.041000+00:00,False,15,30.944
2022-10-18 00:00:21.971000+00:00,2022-10-18 00:00:44.346000+00:00,True,13,22.375
2022-10-18 00:00:46.260000+00:00,2022-10-18 00:01:16.865000+00:00,False,15,30.605
2022-10-18 00:01:18.783000+00:00,2022-10-18 00:01:39.535000+00:00,True,12,20.752
2022-10-18 00:01:41.378000+00:00,2022-10-18 00:02:11.933000+00:00,False,15,30.555
2022-10-18 00:02:13.815000+00:00,2022-10-18 00:02:32.503000+00:00,True,11,18.688
2022-10-18 00:02:34.354000+00:00,2022-10-18 00:03:05.306000+00:00,False,17,30.952
2022-10-18 00:03:10.664000+00:00,2022-10-18 00:03:29.479000+00:00,True,11,18.815
2022-10-18 00:03:31.352000+00:00,2022-10-18 00:04:01.712000+00:00,False,17,30.36
2022-10-18 00:04:03.566000+00:00,2022-10-18 00:04:37.646000+00:00,True,17,34.08
2022-10-18 00:04:39.573000+00:00,2022-10-18 00:05:11.939000+00:00,False,18,32.366
2022-10-18 00:05:13.862000+00:00,2022-10-18 00:05:27.049000+00:00,True,6,13.187
2022-10-18 00:05:28.925000+00:00,2022-10-18 00:06:01.685000+00:00,False,18,32.76
2022-10-18 00:06:03.526000+00:00,2022-10-18 00:06:16.699000+00:00,True,8,13.173
2022-10-18 00:06:18.542000+00:00,2022-10-18 00:06:49.543000+00:00,False,15,31.001
2022-10-18 00:06:51.432000+00:00,2022-10-18 00:07:12.049000+00:00,True,12,20.617
2022-10-18 00:07:14.009000+00:00,2022-10-18 00:07:46.008000+00:00,False,16,31.999
2022-10-18 00:07:47.785000+00:00,2022-10-18 00:08:10.268000+00:00,True,13,22.483
2022-10-18 00:08:12.221000+00:00,2022-10-18 00:08:43.237000+00:00,False,15,31.016
2022-10-18 00:08:45.174000+00:00,2022-10-18 00:09:07.706000+00:00,True,13,22.532
2022-10-18 00:09:09.616000+00:00,2022-10-18 00:09:40.317000+00:00,False,15,30.701
2022-10-18 00:09:42.144000+00:00,2022-10-18 00:10:04.738000+00:00,True,13,22.594
2022-10-18 00:10:06.690000+00:00,2022-10-18 00:10:37.613000+00:00,False,17,30.923
2022-10-18 00:10:42.941000+00:00,2022-10-18 00:10:56.069000+00:00,True,8,13.128
2022-10-18 00:10:57.987000+00:00,2022-10-18 00:11:30.393000+00:00,False,18,32.406
2022-10-18 00:11:32.221000+00:00,2022-10-18 00:11:49.299000+00:00,True,8,17.078
2022-10-18 00:11:51.222000+00:00,2022-10-18 00:12:22.081000+00:00,False,17,30.859
2022-10-18 00:12:23.956000+00:00,2022-10-18 00:12:42.753000+00:00,True,11,18.797
2022-10-18 00:12:44.754000+00:00,2022-10-18 00:13:15.340000+00:00,False,15,30.586
2022-10-18 00:13:17.221000+00:00,2022-10-18 00:15:23.565000+00:00,True,64,126.344
2022-10-18 00:15:25.471000+00:00,2022-10-18 00:15:58.221000+00:00,False,18,32.75
2022-10-18 00:16:00.112000+00:00,2022-10-18 00:16:14.652000+00:00,True,7,14.54
2022-10-18 00:16:16.632000+00:00,2022-10-18 00:16:47.289000+00:00,False,17,30.657
2022-10-18 00:16:49.116000+00:00,2022-10-18 00:17:17.260000+00:00,True,14,28.144
2022-10-18 00:17:19.219000+00:00,2022-10-18 00:17:51.761000+00:00,False,18,32.542
2022-10-18 00:17:53.604000+00:00,2022-10-18 00:19:12.130000+00:00,True,41,78.526
2022-10-18 00:19:13.978000+00:00,2022-10-18 00:19:44.429000+00:00,False,15,30.451
2022-10-18 00:19:46.304000+00:00,2022-10-18 00:20:10.691000+00:00,True,14,24.387
2022-10-18 00:20:12.583000+00:00,2022-10-18 00:20:44.973000+00:00,False,16,32.39
2022-10-18 00:20:46.862000+00:00,2022-10-18 00:21:05.665000+00:00,True,11,18.803
2022-10-18 00:21:07.565000+00:00,2022-10-18 00:21:38.346000+00:00,False,15,30.781
2022-10-18 00:21:40.206000+00:00,2022-10-18 00:22:17.628000+00:00,True,21,37.422
2022-10-18 00:22:19.536000+00:00,2022-10-18 00:22:50.981000+00:00,False,15,31.445
2022-10-18 00:22:52.892000+00:00,2022-10-18 00:31:03.190000+00:00,True,248,490.298
2022-10-18 00:31:05.081000+00:00,2022-10-18 00:31:37.935000+00:00,False,16,32.854
2022-10-18 00:31:39.770000+00:00,2022-10-18 00:39:39.874000+00:00,True,243,480.104
2022-10-18 00:39:41.796000+00:00,2022-10-18 00:40:13.573000+00:00,False,15,31.777
2022-10-18 00:40:15.487000+00:00,2022-10-18 00:40:32.426000+00:00,True,10,16.939
2022-10-18 00:40:34.378000+00:00,2022-10-18 00:41:05.161000+00:00,False,15,30.783
2022-10-18 00:41:07.039000+00:00,2022-10-18 00:41:29.550000+00:00,True,13,22.511
2022-10-18 00:41:31.465000+00:00,2022-10-18 00:42:03.893000+00:00,False,16,32.428
2022-10-18 00:42:05.788000+00:00,2022-10-18 00:43:06.440000+00:00,True,31,60.652
2022-10-18 00:43:08.330000+00:00,2022-10-18 00:43:39.151000+00:00,False,17,30.821
2022-10-18 00:43:41.069000+00:00,2022-10-18 00:44:12.773000+00:00,True,16,31.704
2022-10-18 00:44:14.621000+00:00,2022-10-18 00:44:45.253000+00:00,False,17,30.632
2022-10-18 00:44:47.130000+00:00,2022-10-18 00:45:02.157000+00:00,True,9,15.027
2022-10-18 00:45:04.136000+00:00,2022-10-18 00:45:36.410000+00:00,False,16,32.274
2022-10-18 00:45:38.347000+00:00,2022-10-18 00:45:53.440000+00:00,True,9,15.093
2022-10-18 00:45:55.377000+00:00,2022-10-18 00:46:25.992000+00:00,False,15,30.615
2022-10-18 00:46:27.816000+00:00,2022-10-18 00:46:46.580000+00:00,True,11,18.764
2022-10-18 00:46:48.446000+00:00,2022-10-18 00:47:19.149000+00:00,False,17,30.703
2022-10-18 00:47:24.727000+00:00,2022-10-18 00:47:39.774000+00:00,True,9,15.047
2022-10-18 00:47:41.706000+00:00,2022-10-18 00:48:12.315000+00:00,False,17,30.609
2022-10-18 00:48:14.191000+00:00,2022-10-18 00:48:30.991000+00:00,True,8,16.8
2022-10-18 00:48:32.924000+00:00,2022-10-18 00:49:03.405000+00:00,False,17,30.481
2022-10-18 00:49:05.331000+00:00,2022-10-18 00:49:24.052000+00:00,True,11,18.721
2022-10-18 00:49:26.019000+00:00,2022-10-18 00:49:56.762000+00:00,False,15,30.743
2022-10-18 00:49:58.690000+00:00,2022-10-18 00:50:15.459000+00:00,True,10,16.769
2022-10-18 00:50:17.342000+00:00,2022-10-18 00:50:49.880000+00:00,False,16,32.538
2022-10-18 00:50:51.740000+00:00,2022-10-18 00:51:10.534000+00:00,True,11,18.794
2022-10-18 00:51:12.489000+00:00,2022-10-18 00:51:43.107000+00:00,False,15,30.618
2022-10-18 00:51:44.987000+00:00,2022-10-18 00:52:03.533000+00:00,True,11,18.546
2022-10-18 00:52:05.552000+00:00,2022-10-18 00:52:36.362000+00:00,False,17,30.81
2022-10-18 00:52:38.300000+00:00,2022-10-18 00:53:02.629000+00:00,True,12,24.329
2022-10-18 00:53:04.518000+00:00,2022-10-18 00:53:35.607000+00:00,False,17,31.089
2022-10-18 00:53:37.549000+00:00,2022-10-18 00:53:54.333000+00:00,True,8,16.784
2022-10-18 00:53:56.293000+00:00,2022-10-18 00:54:26.988000+00:00,False,17,30.695
2022-10-18 00:54:28.831000+00:00,2022-10-18 00:54:51.315000+00:00,True,13,22.484
2022-10-18 00:54:57.157000+00:00,2022-10-18 00:55:27.583000+00:00,False,17,30.426
2022-10-18 00:55:29.301000+00:00,2022-10-18 00:55:47.943000+00:00,True,11,18.642
2022-10-18 00:55:49.865000+00:00,2022-10-18 00:56:22.799000+00:00,False,16,32.934
2022-10-18 00:56:24.688000+00:00,2022-10-18 00:56:45.330000+00:00,True,12,20.642
2022-10-18 00:56:47.164000+00:00,2022-10-18 00:57:19.596000+00:00,False,16,32.432
2022-10-18 00:57:21.474000+00:00,2022-10-18 00:57:36.412000+00:00,True,9,14.938
2022-10-18 00:57:38.401000+00:00,2022-10-18 00:58:11.161000+00:00,False,16,32.76
2022-10-18 00:58:13.019000+00:00,2022-10-18 00:58:29.895000+00:00,True,10,16.876
2022-10-18 00:58:31.808000+00:00,2022-10-18 00:59:04.035000+00:00,False,18,32.227
2022-10-18 00:59:05.930000+00:00,2022-10-18 01:00:54.018000+00:00,True,54,108.088
2022-10-18 01:00:55.998000+00:00,2022-10-18 01:01:26.972000+00:00,False,15,30.974
2022-10-18 01:01:28.910000+00:00,2022-10-18 01:01:47.487000+00:00,True,11,18.577
2022-10-18 01:01:49.417000+00:00,2022-10-18 01:02:20.380000+00:00,False,17,30.963
2022-10-18 01:02:22.318000+00:00,2022-10-18 01:03:33.810000+00:00,True,35,71.492
2022-10-18 01:03:35.689000+00:00,2022-10-18 01:04:06.071000+00:00,False,17,30.382
2022-10-18 01:04:07.950000+00:00,2022-10-18 01:04:26.830000+00:00,True,11,18.88
2022-10-18 01:04:28.792000+00:00,2022-10-18 01:04:28.792000+00:00,False,1,0.0
2022-10-18 01:04:30.660000+00:00,2022-10-18 01:04:58.972000+00:00,True,14,28.312
2022-10-18 01:05:00.897000+00:00,2022-10-18 01:05:31.224000+00:00,False,17,30.327
2022-10-18 01:05:33.112000+00:00,2022-10-18 01:05:48.483000+00:00,True,7,15.371
2022-10-18 01:05:50.329000+00:00,2022-10-18 01:06:22.833000+00:00,False,18,32.504
2022-10-18 01:06:24.723000+00:00,2022-10-18 01:07:06.063000+00:00,True,21,41.34
2022-10-18 01:07:07.928000+00:00,2022-10-18 01:07:38.529000+00:00,False,17,30.601
2022-10-18 01:07:40.434000+00:00,2022-10-18 01:08:03.012000+00:00,True,11,22.578
2022-10-18 01:08:04.938000+00:00,2022-10-18 01:08:35.931000+00:00,False,17,30.993
2022-10-18 01:08:37.815000+00:00,2022-10-18 01:09:13.268000+00:00,True,18,35.453
2022-10-18 01:09:15.101000+00:00,2022-10-18 01:09:47.540000+00:00,False,18,32.439
2022-10-18 01:09:49.439000+00:00,2022-10-18 01:10:04.689000+00:00,True,7,15.25
2022-10-18 01:10:06.706000+00:00,2022-10-18 01:10:37.283000+00:00,False,17,30.577
2022-10-18 01:10:39.071000+00:00,2022-10-18 01:10:59.698000+00:00,True,12,20.627
2022-10-18 01:11:05.635000+00:00,2022-10-18 01:11:32.795000+00:00,False,15,27.16
2022-10-18 01:11:34.631000+00:00,2022-10-18 01:11:49.410000+00:00,True,9,14.779
2022-10-18 01:11:51.378000+00:00,2022-10-18 01:12:21.955000+00:00,False,15,30.577
2022-10-18 01:12:23.794000+00:00,2022-10-18 01:12:44.469000+00:00,True,12,20.675
2022-10-18 01:12:46.308000+00:00,2022-10-18 01:13:18.863000+00:00,False,16,32.555
2022-10-18 01:13:20.774000+00:00,2022-10-18 01:13:45.284000+00:00,True,14,24.51
2022-10-18 01:13:47.183000+00:00,2022-10-18 01:14:19.547000+00:00,False,16,32.364
2022-10-18 01:14:21.446000+00:00,2022-10-18 01:14:36.503000+00:00,True,9,15.057
2022-10-18 01:14:38.341000+00:00,2022-10-18 01:15:09.103000+00:00,False,17,30.762
2022-10-18 01:15:10.925000+00:00,2022-10-18 01:15:42.706000+00:00,True,16,31.781
2022-10-18 01:15:44.612000+00:00,2022-10-18 01:16:15.178000+00:00,False,17,30.566
2022-10-18 01:16:17.019000+00:00,2022-10-18 01:16:32.190000+00:00,True,7,15.171
2022-10-18 01:16:34.206000+00:00,2022-10-18 01:17:05.366000+00:00,False,17,31.16
2022-10-18 01:17:07.207000+00:00,2022-10-18 01:17:44.705000+00:00,True,19,37.498
2022-10-18 01:17:46.643000+00:00,2022-10-18 01:18:19.221000+00:00,False,18,32.578
2022-10-18 01:18:21.144000+00:00,2022-10-18 01:18:32.550000+00:00,True,7,11.406
2022-10-18 01:18:37.947000+00:00,2022-10-18 01:19:08.346000+00:00,False,17,30.399
2022-10-18 01:19:10.163000+00:00,2022-10-18 01:19:24.987000+00:00,True,9,14.824
2022-10-18 01:19:26.957000+00:00,2022-10-18 01:19:58.206000+00:00,False,15,31.249
2022-10-18 01:20:00.097000+00:00,2022-10-18 01:20:24.309000+00:00,True,14,24.212
2022-10-18 01:20:26.315000+00:00,2022-10-18 01:20:56.924000+00:00,False,15,30.609
2022-10-18 01:20:58.824000+00:00,2022-10-18 01:21:15.623000+00:00,True,10,16.799
2022-10-18 01:21:17.499000+00:00,2022-10-18 01:21:46.520000+00:00,False,16,29.021
2022-10-18 01:21:51.896000+00:00,2022-10-18 01:23:22.816000+00:00,True,47,90.92
2022-10-18 01:23:24.730000+00:00,2022-10-18 01:23:55.408000+00:00,False,17,30.678
2022-10-18 01:24:00.897000+00:00,2022-10-18 01:24:17.776000+00:00,True,10,16.879
2022-10-18 01:24:19.598000+00:00,2022-10-18 01:24:52.597000+00:00,False,18,32.999
2022-10-18 01:24:54.485000+00:00,2022-10-18 01:25:14.738000+00:00,True,10,20.253
2022-10-18 01:25:16.799000+00:00,2022-10-18 01:25:49.035000+00:00,False,18,32.236
2022-10-18 01:25:50.897000+00:00,2022-10-18 01:26:04.141000+00:00,True,8,13.244
2022-10-18 01:26:09.988000+00:00,2022-10-18 01:26:38.651000+00:00,False,16,28.663
2022-10-18 01:26:40.529000+00:00,2022-10-18 01:27:04.733000+00:00,True,14,24.204
2022-10-18 01:27:06.628000+00:00,2022-10-18 01:27:37.628000+00:00,False,15,31.0
2022-10-18 01:27:39.566000+00:00,2022-10-18 01:28:00.316000+00:00,True,12,20.75
2022-10-18 01:28:02.270000+00:00,2022-10-18 01:28:32.619000+00:00,False,15,30.349
2022-10-18 01:28:34.533000+00:00,2022-10-18 01:28:55.250000+00:00,True,12,20.717
2022-10-18 01:28:57.135000+00:00,2022-10-18 01:29:27.817000+00:00,False,15,30.682
2022-10-18 01:29:29.633000+00:00,2022-10-18 01:29:56.007000+00:00,True,15,26.374
2022-10-18 01:29:57.986000+00:00,2022-10-18 01:30:30.409000+00:00,False,16,32.423
2022-10-18 01:30:32.252000+00:00,2022-10-18 01:31:38.535000+00:00,True,34,66.283
2022-10-18 01:31:40.384000+00:00,2022-10-18 01:32:13.252000+00:00,False,18,32.868
2022-10-18 01:32:15.160000+00:00,2022-10-18 01:32:28.317000+00:00,True,8,13.157
2022-10-18 01:32:30.240000+00:00,2022-10-18 01:33:02.786000+00:00,False,16,32.546
2022-10-18 01:33:04.621000+00:00,2022-10-18 01:33:23.487000+00:00,True,11,18.866
2022-10-18 01:33:25.432000+00:00,2022-10-18 01:33:56.440000+00:00,False,15,31.008
2022-10-18 01:33:58.315000+00:00,2022-10-18 01:34:13.310000+00:00,True,9,14.995
2022-10-18 01:34:15.237000+00:00,2022-10-18 01:34:42.299000+00:00,False,15,27.062
2022-10-18 01:34:47.831000+00:00,2022-10-18 01:35:02.987000+00:00,True,9,15.156
2022-10-18 01:35:04.893000+00:00,2022-10-18 01:35:35.583000+00:00,False,17,30.69
2022-10-18 01:35:37.456000+00:00,2022-10-18 01:35:57.863000+00:00,True,10,20.407
2022-10-18 01:35:59.695000+00:00,2022-10-18 01:36:32.636000+00:00,False,18,32.941
2022-10-18 01:36:34.504000+00:00,2022-10-18 01:36:51.268000+00:00,True,10,16.764
2022-10-18 01:36:56.759000+00:00,2022-10-18 01:37:25.834000+00:00,False,16,29.075
2022-10-18 01:37:27.648000+00:00,2022-10-18 01:37:42.695000+00:00,True,9,15.047
2022-10-18 01:37:44.628000+00:00,2022-10-18 01:38:17.320000+00:00,False,16,32.692
2022-10-18 01:38:19.195000+00:00,2022-10-18 01:38:34.297000+00:00,True,9,15.102
2022-10-18 01:38:36.187000+00:00,2022-10-18 01:39:08.585000+00:00,False,16,32.398
2022-10-18 01:39:10.459000+00:00,2022-10-18 01:39:30.992000+00:00,True,12,20.533
2022-10-18 01:39:32.916000+00:00,2022-10-18 01:40:03.814000+00:00,False,17,30.898
2022-10-18 01:40:05.690000+00:00,2022-10-18 01:40:20.511000+00:00,True,7,14.821
2022-10-18 01:40:22.449000+00:00,2022-10-18 01:40:53.255000+00:00,False,17,30.806
2022-10-18 01:40:55.104000+00:00,2022-10-18 01:41:17.445000+00:00,True,11,22.341
2022-10-18 01:41:19.382000+00:00,2022-10-18 01:41:50.195000+00:00,False,17,30.813
2022-10-18 01:41:52.122000+00:00,2022-10-18 01:42:46.627000+00:00,True,28,54.505
2022-10-18 01:42:48.638000+00:00,2022-10-18 01:43:19.701000+00:00,False,17,31.063
2022-10-18 01:43:25.107000+00:00,2022-10-18 01:43:36.403000+00:00,True,7,11.296
2022-10-18 01:43:38.359000+00:00,2022-10-18 01:44:09.232000+00:00,False,17,30.873
2022-10-18 01:44:11.146000+00:00,2022-10-18 01:44:29.706000+00:00,True,9,18.56
2022-10-18 01:44:31.677000+00:00,2022-10-18 01:45:04.284000+00:00,False,18,32.607
2022-10-18 01:45:06.142000+00:00,2022-10-18 01:51:17.378000+00:00,True,185,371.236
2022-10-18 01:51:19.371000+00:00,2022-10-18 01:51:49.956000+00:00,False,17,30.585
2022-10-18 01:51:51.830000+00:00,2022-10-18 01:52:06.925000+00:00,True,7,15.095
2022-10-18 01:52:08.870000+00:00,2022-10-18 01:52:39.775000+00:00,False,17,30.905
2022-10-18 01:52:41.664000+00:00,2022-10-18 01:52:56.827000+00:00,True,9,15.163
2022-10-18 01:52:58.750000+00:00,2022-10-18 01:53:31.346000+00:00,False,16,32.596
2022-10-18 01:53:33.220000+00:00,2022-10-18 01:53:48.189000+00:00,True,9,14.969
2022-10-18 01:53:50.189000+00:00,2022-10-18 01:54:21.054000+00:00,False,15,30.865
2022-10-18 01:54:22.834000+00:00,2022-10-18 01:54:43.463000+00:00,True,12,20.629
2022-10-18 01:54:45.361000+00:00,2022-10-18 01:55:16.632000+00:00,False,15,31.271
2022-10-18 01:55:18.504000+00:00,2022-10-18 01:58:18.221000+00:00,True,92,179.717
2022-10-18 01:58:20.155000+00:00,2022-10-18 01:58:53.317000+00:00,False,16,33.162
2022-10-18 01:58:55.142000+00:00,2022-10-18 02:02:50.362000+00:00,True,117,235.22
2022-10-18 02:02:52.226000+00:00,2022-10-18 02:03:21.254000+00:00,False,16,29.028
2022-10-18 02:03:23.072000+00:00,2022-10-18 02:03:36.189000+00:00,True,8,13.117
2022-10-18 02:03:38.034000+00:00,2022-10-18 02:03:39.910000+00:00,False,2,1.876
2022-10-18 02:03:41.815000+00:00,2022-10-18 02:04:11.722000+00:00,True,15,29.907
2022-10-18 02:04:13.611000+00:00,2022-10-18 02:04:44.015000+00:00,False,17,30.404
2022-10-18 02:04:45.906000+00:00,2022-10-18 02:05:06.703000+00:00,True,10,20.797
2022-10-18 02:05:08.745000+00:00,2022-10-18 02:05:41.432000+00:00,False,18,32.687
2022-10-18 02:05:43.253000+00:00,2022-10-18 02:06:01.676000+00:00,True,9,18.423
2022-10-18 02:06:03.566000+00:00,2022-10-18 02:06:35.976000+00:00,False,18,32.41
2022-10-18 02:06:37.893000+00:00,2022-10-18 02:07:11.690000+00:00,True,17,33.797
2022-10-18 02:07:13.690000+00:00,2022-10-18 02:07:46.135000+00:00,False,18,32.445
2022-10-18 02:07:48.003000+00:00,2022-10-18 02:08:01.174000+00:00,True,8,13.171
2022-10-18 02:08:03.051000+00:00,2022-10-18 02:08:35.712000+00:00,False,16,32.661
2022-10-18 02:08:37.596000+00:00,2022-10-18 02:09:03.910000+00:00,True,15,26.314
2022-10-18 02:09:05.938000+00:00,2022-10-18 02:09:36.409000+00:00,False,15,30.471
2022-10-18 02:09:38.300000+00:00,2022-10-18 02:09:53.222000+00:00,True,9,14.922
2022-10-18 02:09:55.113000+00:00,2022-10-18 02:10:26.060000+00:00,False,15,30.947
2022-10-18 02:10:27.931000+00:00,2022-10-18 02:10:42.961000+00:00,True,9,15.03
2022-10-18 02:10:44.930000+00:00,2022-10-18 02:11:15.609000+00:00,False,17,30.679
2022-10-18 02:11:17.446000+00:00,2022-10-18 02:11:38.019000+00:00,True,10,20.573
2022-10-18 02:11:39.956000+00:00,2022-10-18 02:12:10.709000+00:00,False,17,30.753
2022-10-18 02:12:12.635000+00:00,2022-10-18 02:12:31.331000+00:00,True,9,18.696
2022-10-18 02:12:33.285000+00:00,2022-10-18 02:13:03.896000+00:00,False,17,30.611
2022-10-18 02:13:05.773000+00:00,2022-10-18 02:13:26.632000+00:00,True,12,20.859
2022-10-18 02:13:28.534000+00:00,2022-10-18 02:13:59.013000+00:00,False,15,30.479
2022-10-18 02:14:00.881000+00:00,2022-10-18 02:14:23.487000+00:00,True,13,22.606
2022-10-18 02:14:25.348000+00:00,2022-10-18 02:14:58.019000+00:00,False,16,32.671
2022-10-18 02:14:59.893000+00:00,2022-10-18 02:15:13.155000+00:00,True,8,13.262
2022-10-18 02:15:15.092000+00:00,2022-10-18 02:15:47.445000+00:00,False,16,32.353
2022-10-18 02:15:49.335000+00:00,2022-10-18 02:16:04.476000+00:00,True,9,15.141
2022-10-18 02:16:06.353000+00:00,2022-10-18 02:16:37.160000+00:00,False,17,30.807
2022-10-18 02:16:39.050000+00:00,2022-10-18 02:17:07.066000+00:00,True,14,28.016
2022-10-18 02:17:08.923000+00:00,2022-10-18 02:17:39.424000+00:00,False,17,30.501
2022-10-18 02:17:41.315000+00:00,2022-10-18 02:17:58.534000+00:00,True,8,17.219
2022-10-18 02:18:00.366000+00:00,2022-10-18 02:18:33.114000+00:00,False,18,32.748
2022-10-18 02:18:34.971000+00:00,2022-10-18 02:18:51.878000+00:00,True,10,16.907
2022-10-18 02:18:57.331000+00:00,2022-10-18 02:19:27.871000+00:00,False,17,30.54
2022-10-18 02:19:29.658000+00:00,2022-10-18 02:19:46.612000+00:00,True,10,16.954
2022-10-18 02:19:48.612000+00:00,2022-10-18 02:20:20.899000+00:00,False,16,32.287
2022-10-18 02:20:22.753000+00:00,2022-10-18 02:20:39.671000+00:00,True,10,16.918
2022-10-18 02:20:41.660000+00:00,2022-10-18 02:21:12.598000+00:00,False,15,30.938
2022-10-18 02:21:14.489000+00:00,2022-10-18 02:21:35.238000+00:00,True,12,20.749
2022-10-18 02:21:37.263000+00:00,2022-10-18 02:22:05.982000+00:00,False,16,28.719
2022-10-18 02:22:11.383000+00:00,2022-10-18 02:22:30.190000+00:00,True,11,18.807
2022-10-18 02:22:32.174000+00:00,2022-10-18 02:23:02.658000+00:00,False,17,30.484
2022-10-18 02:23:04.502000+00:00,2022-10-18 02:23:21.393000+00:00,True,8,16.891
2022-10-18 02:23:23.257000+00:00,2022-10-18 02:23:54.175000+00:00,False,17,30.918
2022-10-18 02:23:56.054000+00:00,2022-10-18 02:24:11.084000+00:00,True,9,15.03
2022-10-18 02:24:12.948000+00:00,2022-10-18 02:24:45.605000+00:00,False,16,32.657
2022-10-18 02:24:47.480000+00:00,2022-10-18 02:25:15.538000+00:00,True,16,28.058
2022-10-18 02:25:17.394000+00:00,2022-10-18 02:25:50.205000+00:00,False,16,32.811
2022-10-18 02:25:52.128000+00:00,2022-10-18 02:26:16.471000+00:00,True,14,24.343
2022-10-18 02:26:18.359000+00:00,2022-10-18 02:26:49.565000+00:00,False,15,31.206
2022-10-18 02:26:51.363000+00:00,2022-10-18 02:27:06.316000+00:00,True,9,14.953
2022-10-18 02:27:08.316000+00:00,2022-10-18 02:27:38.867000+00:00,False,15,30.551
2022-10-18 02:27:40.703000+00:00,2022-10-18 02:28:01.425000+00:00,True,12,20.722
2022-10-18 02:28:03.281000+00:00,2022-10-18 02:28:34.138000+00:00,False,17,30.857
2022-10-18 02:28:39.535000+00:00,2022-10-18 02:28:52.705000+00:00,True,8,13.17
2022-10-18 02:28:54.590000+00:00,2022-10-18 02:29:25.414000+00:00,False,17,30.824
2022-10-18 02:29:27.288000+00:00,2022-10-18 02:29:43.945000+00:00,True,8,16.657
2022-10-18 02:29:45.866000+00:00,2022-10-18 02:30:18.577000+00:00,False,18,32.711
2022-10-18 02:30:20.508000+00:00,2022-10-18 02:30:43.128000+00:00,True,13,22.62
2022-10-18 02:30:48.665000+00:00,2022-10-18 02:31:15.290000+00:00,False,15,26.625
2022-10-18 02:31:17.178000+00:00,2022-10-18 02:31:55.015000+00:00,True,19,37.837
2022-10-18 02:31:56.906000+00:00,2022-10-18 02:32:29.331000+00:00,False,18,32.425
2022-10-18 02:32:31.155000+00:00,2022-10-18 02:33:12.628000+00:00,True,21,41.473
2022-10-18 02:33:14.555000+00:00,2022-10-18 02:33:45.628000+00:00,False,17,31.073
2022-10-18 02:33:47.549000+00:00,2022-10-18 02:35:12.685000+00:00,True,42,85.136
2022-10-18 02:35:14.653000+00:00,2022-10-18 02:35:45.702000+00:00,False,17,31.049
2022-10-18 02:35:47.616000+00:00,2022-10-18 02:36:02.764000+00:00,True,9,15.148
2022-10-18 02:36:04.599000+00:00,2022-10-18 02:36:37.395000+00:00,False,16,32.796
2022-10-18 02:36:39.263000+00:00,2022-10-18 02:38:00.082000+00:00,True,42,80.819
2022-10-18 02:38:02.022000+00:00,2022-10-18 02:38:33.286000+00:00,False,15,31.264
2022-10-18 02:38:35.132000+00:00,2022-10-18 02:38:53.924000+00:00,True,11,18.792
2022-10-18 02:38:55.913000+00:00,2022-10-18 02:39:26.513000+00:00,False,15,30.6
2022-10-18 02:39:28.425000+00:00,2022-10-18 02:39:45.300000+00:00,True,10,16.875
2022-10-18 02:39:47.222000+00:00,2022-10-18 02:40:19.815000+00:00,False,18,32.593
2022-10-18 02:40:21.638000+00:00,2022-10-18 02:40:34.961000+00:00,True,6,13.323
2022-10-18 02:40:36.807000+00:00,2022-10-18 02:41:09.460000+00:00,False,18,32.653
2022-10-18 02:41:11.331000+00:00,2022-10-18 02:41:26.332000+00:00,True,9,15.001
2022-10-18 02:41:28.252000+00:00,2022-10-18 02:41:58.762000+00:00,False,15,30.51
2022-10-18 02:42:00.672000+00:00,2022-10-18 02:42:15.787000+00:00,True,9,15.115
2022-10-18 02:42:17.655000+00:00,2022-10-18 02:42:49.812000+00:00,False,16,32.157
2022-10-18 02:42:51.593000+00:00,2022-10-18 02:43:34.649000+00:00,True,24,43.056
2022-10-18 02:43:36.596000+00:00,2022-10-18 02:44:08.487000+00:00,False,15,31.891
2022-10-18 02:44:10.361000+00:00,2022-10-18 02:44:29.377000+00:00,True,11,19.016
2022-10-18 02:44:31.290000+00:00,2022-10-18 02:45:03.408000+00:00,False,16,32.118
2022-10-18 02:45:05.221000+00:00,2022-10-18 02:45:18.316000+00:00,True,8,13.095
2022-10-18 02:45:20.227000+00:00,2022-10-18 02:45:49.151000+00:00,False,16,28.924
2022-10-18 02:45:54.543000+00:00,2022-10-18 02:46:09.565000+00:00,True,9,15.022
2022-10-18 02:46:11.502000+00:00,2022-10-18 02:46:42.122000+00:00,False,17,30.62
2022-10-18 02:46:44.064000+00:00,2022-10-18 02:46:59.111000+00:00,True,7,15.047
2022-10-18 02:47:01.022000+00:00,2022-10-18 02:47:31.526000+00:00,False,17,30.504
2022-10-18 02:47:33.428000+00:00,2022-10-18 02:47:50.335000+00:00,True,10,16.907
2022-10-18 02:47:52.272000+00:00,2022-10-18 02:48:23.324000+00:00,False,15,31.052
2022-10-18 02:48:25.167000+00:00,2022-10-18 02:48:42.003000+00:00,True,10,16.836
2022-10-18 02:48:43.897000+00:00,2022-10-18 02:49:14.554000+00:00,False,15,30.657
2022-10-18 02:49:16.420000+00:00,2022-10-18 02:49:31.462000+00:00,True,9,15.042
2022-10-18 02:49:33.387000+00:00,2022-10-18 02:50:05.858000+00:00,False,18,32.471
2022-10-18 02:50:07.681000+00:00,2022-10-18 02:50:26.485000+00:00,True,9,18.804
2022-10-18 02:50:28.328000+00:00,2022-10-18 02:50:59.047000+00:00,False,17,30.719
2022-10-18 02:51:00.958000+00:00,2022-10-18 02:51:12.438000+00:00,True,7,11.48
2022-10-18 02:51:17.750000+00:00,2022-10-18 02:51:48.624000+00:00,False,17,30.874
2022-10-18 02:51:50.457000+00:00,2022-10-18 02:54:11.862000+00:00,True,72,141.405
2022-10-18 02:54:13.787000+00:00,2022-10-18 02:54:46.909000+00:00,False,16,33.122
2022-10-18 02:54:48.752000+00:00,2022-10-18 02:57:36.426000+00:00,True,86,167.674
2022-10-18 02:57:38.363000+00:00,2022-10-18 02:58:10.254000+00:00,False,15,31.891
2022-10-18 02:58:12.129000+00:00,2022-10-18 02:58:27.152000+00:00,True,9,15.023
2022-10-18 02:58:29.050000+00:00,2022-10-18 02:58:59.367000+00:00,False,15,30.317
2022-10-18 02:59:01.253000+00:00,2022-10-18 02:59:18.129000+00:00,True,10,16.876
2022-10-18 02:59:20.103000+00:00,2022-10-18 02:59:48.950000+00:00,False,16,28.847
2022-10-18 02:59:54.627000+00:00,2022-10-18 03:01:04.361000+00:00,True,36,69.734
2022-10-18 03:01:06.268000+00:00,2022-10-18 03:01:38.736000+00:00,False,18,32.468
2022-10-18 03:01:40.606000+00:00,2022-10-18 03:05:19.800000+00:00,True,109,219.194
2022-10-18 03:05:21.646000+00:00,2022-10-18 03:05:52.332000+00:00,False,17,30.686
2022-10-18 03:05:54.207000+00:00,2022-10-18 03:06:09.140000+00:00,True,9,14.933
2022-10-18 03:06:11.200000+00:00,2022-10-18 03:06:41.240000+00:00,False,15,30.04
2022-10-18 03:06:43.112000+00:00,2022-10-18 03:06:59.987000+00:00,True,10,16.875
2022-10-18 03:07:01.955000+00:00,2022-10-18 03:07:32.955000+00:00,False,15,31.0
2022-10-18 03:07:34.879000+00:00,2022-10-18 03:09:01.425000+00:00,True,45,86.546
2022-10-18 03:09:03.471000+00:00,2022-10-18 03:09:30.440000+00:00,False,15,26.969
2022-10-18 03:09:36.488000+00:00,2022-10-18 05:38:56.627000+00:00,True,4461,8960.139
2022-10-18 05:38:58.521000+00:00,2022-10-18 05:39:02.377000+00:00,False,3,3.856
2022-10-18 05:39:04.203000+00:00,2022-10-18 05:42:45.961000+00:00,True,111,221.758
2022-10-18 05:42:47.898000+00:00,2022-10-18 05:42:51.642000+00:00,False,3,3.744
2022-10-18 05:42:53.519000+00:00,2022-10-18 05:43:10.393000+00:00,True,10,16.874
2022-10-18 05:43:12.299000+00:00,2022-10-18 05:43:14.190000+00:00,False,2,1.891
2022-10-18 05:43:16.120000+00:00,2022-10-18 06:04:01.813000+00:00,True,618,1245.693
2022-10-18 06:04:03.737000+00:00,2022-10-18 06:04:40.626000+00:00,False,20,36.889
2022-10-18 06:04:42.548000+00:00,2022-10-18 06:04:57.550000+00:00,True,9,15.002
2022-10-18 06:04:59.503000+00:00,2022-10-18 06:05:30.650000+00:00,False,15,31.147
2022-10-18 06:05:32.538000+00:00,2022-10-18 06:07:21.655000+00:00,True,55,109.117
2022-10-18 06:07:23.632000+00:00,2022-10-18 06:07:56.190000+00:00,False,18,32.558
2022-10-18 06:07:58.050000+00:00,2022-10-18 06:09:26.769000+00:00,True,44,88.719
2022-10-18 06:09:28.742000+00:00,2022-10-18 06:09:59.190000+00:00,False,17,30.448
2022-10-18 06:10:01.069000+00:00,2022-10-18 06:11:51.533000+00:00,True,56,110.464
2022-10-18 06:11:53.519000+00:00,2022-10-18 06:12:24.377000+00:00,False,17,30.858
2022-10-18 06:12:26.291000+00:00,2022-10-18 06:14:11.686000+00:00,True,53,105.395
2022-10-18 06:14:13.577000+00:00,2022-10-18 06:14:42.568000+00:00,False,16,28.991
2022-10-18 06:14:47.952000+00:00,2022-10-18 06:16:16.737000+00:00,True,46,88.785
2022-10-18 06:16:18.663000+00:00,2022-10-18 06:16:49.229000+00:00,False,17,30.566
2022-10-18 06:16:51.147000+00:00,2022-10-18 06:34:16.928000+00:00,True,522,1045.781
2022-10-18 06:34:18.800000+00:00,2022-10-18 06:34:49.641000+00:00,False,17,30.841
2022-10-18 06:34:51.567000+00:00,2022-10-18 06:35:10.299000+00:00,True,11,18.732
2022-10-18 06:35:15.969000+00:00,2022-10-18 06:35:44.633000+00:00,False,16,28.664
2022-10-18 06:35:46.502000+00:00,2022-10-18 06:36:01.533000+00:00,True,9,15.031
2022-10-18 06:36:03.409000+00:00,2022-10-18 06:36:35.741000+00:00,False,16,32.332
2022-10-18 06:36:37.660000+00:00,2022-10-18 06:36:58.408000+00:00,True,12,20.748
2022-10-18 06:37:00.395000+00:00,2022-10-18 06:37:32.799000+00:00,False,16,32.404
2022-10-18 06:37:34.737000+00:00,2022-10-18 06:37:47.878000+00:00,True,8,13.141
2022-10-18 06:37:49.800000+00:00,2022-10-18 06:38:22.330000+00:00,False,18,32.53
2022-10-18 06:38:24.237000+00:00,2022-10-18 06:38:39.316000+00:00,True,7,15.079
2022-10-18 06:38:41.383000+00:00,2022-10-18 06:39:12.442000+00:00,False,17,31.059
2022-10-18 06:39:14.331000+00:00,2022-10-18 06:39:29.409000+00:00,True,9,15.078
2022-10-18 06:39:35.014000+00:00,2022-10-18 06:40:02.076000+00:00,False,15,27.062
2022-10-18 06:40:03.967000+00:00,2022-10-18 06:40:20.702000+00:00,True,10,16.735
2022-10-18 06:40:22.630000+00:00,2022-10-18 06:40:53.468000+00:00,False,15,30.838
2022-10-18 06:40:55.353000+00:00,2022-10-18 06:41:10.416000+00:00,True,9,15.063
2022-10-18 06:41:12.306000+00:00,2022-10-18 06:41:39.510000+00:00,False,15,27.204
2022-10-18 06:41:44.838000+00:00,2022-10-18 06:41:59.955000+00:00,True,9,15.117
2022-10-18 06:42:01.861000+00:00,2022-10-18 06:42:33.972000+00:00,False,18,32.111
2022-10-18 06:42:35.850000+00:00,2022-10-18 06:42:51.085000+00:00,True,7,15.235
2022-10-18 06:42:53.066000+00:00,2022-10-18 06:43:23.789000+00:00,False,17,30.723
2022-10-18 06:43:25.716000+00:00,2022-10-18 06:50:25.085000+00:00,True,209,419.369
2022-10-18 06:50:26.942000+00:00,2022-10-18 06:50:59.831000+00:00,False,18,32.889
2022-10-18 06:51:01.769000+00:00,2022-10-18 06:51:16.769000+00:00,True,9,15.0
2022-10-18 06:51:18.711000+00:00,2022-10-18 06:51:51.222000+00:00,False,16,32.511
2022-10-18 06:51:53.080000+00:00,2022-10-18 06:52:08.033000+00:00,True,9,14.953
2022-10-18 06:52:09.910000+00:00,2022-10-18 06:52:40.731000+00:00,False,15,30.821
2022-10-18 06:52:42.611000+00:00,2022-10-18 07:00:08.689000+00:00,True,223,446.078
2022-10-18 07:00:10.629000+00:00,2022-10-18 07:00:42.655000+00:00,False,18,32.026
2022-10-18 07:00:44.533000+00:00,2022-10-18 07:00:59.550000+00:00,True,9,15.017
2022-10-18 07:01:01.446000+00:00,2022-10-18 07:01:32.706000+00:00,False,15,31.26
2022-10-18 07:01:34.518000+00:00,2022-10-18 07:01:49.566000+00:00,True,9,15.048
2022-10-18 07:01:51.494000+00:00,2022-10-18 07:01:51.494000+00:00,False,1,0.0
2022-10-18 07:01:53.362000+00:00,2022-10-18 07:02:21.691000+00:00,True,14,28.329
2022-10-18 07:02:23.550000+00:00,2022-10-18 07:02:56.133000+00:00,False,18,32.583
2022-10-18 07:02:57.988000+00:00,2022-10-18 07:03:44.880000+00:00,True,24,46.892
2022-10-18 07:03:46.801000+00:00,2022-10-18 07:04:15.633000+00:00,False,16,28.832
2022-10-18 07:04:21.117000+00:00,2022-10-18 07:04:34.268000+00:00,True,8,13.151
2022-10-18 07:04:36.268000+00:00,2022-10-18 07:05:06.711000+00:00,False,17,30.443
2022-10-18 07:05:08.598000+00:00,2022-10-18 07:05:25.440000+00:00,True,8,16.842
2022-10-18 07:05:27.303000+00:00,2022-10-18 07:05:58.180000+00:00,False,17,30.877
2022-10-18 07:06:00.111000+00:00,2022-10-18 07:06:16.909000+00:00,True,10,16.798
2022-10-18 07:06:18.925000+00:00,2022-10-18 07:06:49.690000+00:00,False,15,30.765
2022-10-18 07:06:51.493000+00:00,2022-10-18 07:07:06.409000+00:00,True,9,14.916
2022-10-18 07:07:08.299000+00:00,2022-10-18 07:07:40.729000+00:00,False,16,32.43
2022-10-18 07:07:42.657000+00:00,2022-10-18 07:07:57.835000+00:00,True,9,15.178
2022-10-18 07:07:59.816000+00:00,2022-10-18 07:08:30.330000+00:00,False,17,30.514
2022-10-18 07:08:32.158000+00:00,2022-10-18 07:08:50.805000+00:00,True,9,18.647
2022-10-18 07:08:52.756000+00:00,2022-10-18 07:09:23.528000+00:00,False,17,30.772
2022-10-18 07:09:25.414000+00:00,2022-10-18 07:09:51.393000+00:00,True,13,25.979
2022-10-18 07:09:53.331000+00:00,2022-10-18 07:10:24.324000+00:00,False,17,30.993
2022-10-18 07:10:26.230000+00:00,2022-10-18 07:10:50.513000+00:00,True,12,24.283
2022-10-18 07:10:52.387000+00:00,2022-10-18 07:11:22.831000+00:00,False,17,30.444
2022-10-18 07:11:24.721000+00:00,2022-10-18 07:11:39.806000+00:00,True,9,15.085
2022-10-18 07:11:41.693000+00:00,2022-10-18 07:12:14.189000+00:00,False,16,32.496
2022-10-18 07:12:16.007000+00:00,2022-10-18 07:12:30.741000+00:00,True,9,14.734
2022-10-18 07:12:32.589000+00:00,2022-10-18 07:13:05.424000+00:00,False,16,32.835
2022-10-18 07:13:07.253000+00:00,2022-10-18 07:13:57.472000+00:00,True,28,50.219
2022-10-18 07:14:02.906000+00:00,2022-10-18 07:14:33.389000+00:00,False,17,30.483
2022-10-18 07:14:35.328000+00:00,2022-10-18 07:14:54.110000+00:00,True,11,18.782
2022-10-18 07:14:56.051000+00:00,2022-10-18 07:15:27.018000+00:00,False,15,30.967
2022-10-18 07:15:28.877000+00:00,2022-10-18 07:15:43.924000+00:00,True,9,15.047
2022-10-18 07:15:45.866000+00:00,2022-10-18 07:16:18.283000+00:00,False,16,32.417
2022-10-18 07:16:20.161000+00:00,2022-10-18 07:16:35.284000+00:00,True,9,15.123
2022-10-18 07:16:37.221000+00:00,2022-10-18 07:17:07.809000+00:00,False,17,30.588
2022-10-18 07:17:09.691000+00:00,2022-10-18 07:17:58.363000+00:00,True,25,48.672
2022-10-18 07:18:00.285000+00:00,2022-10-18 07:18:31.413000+00:00,False,15,31.128
2022-10-18 07:18:33.253000+00:00,2022-10-18 07:18:50.081000+00:00,True,10,16.828
2022-10-18 07:18:52.004000+00:00,2022-10-18 07:19:21.001000+00:00,False,16,28.997
2022-10-18 07:19:26.440000+00:00,2022-10-18 07:19:39.534000+00:00,True,8,13.094
2022-10-18 07:19:41.459000+00:00,2022-10-18 07:20:12.131000+00:00,False,17,30.672
2022-10-18 07:20:14.018000+00:00,2022-10-18 07:20:32.768000+00:00,True,9,18.75
2022-10-18 07:20:34.654000+00:00,2022-10-18 07:21:07.139000+00:00,False,18,32.485
2022-10-18 07:21:08.984000+00:00,2022-10-18 07:21:22.144000+00:00,True,8,13.16
2022-10-18 07:21:24.105000+00:00,2022-10-18 07:21:56.715000+00:00,False,16,32.61
2022-10-18 07:21:58.570000+00:00,2022-10-18 07:22:13.674000+00:00,True,9,15.104
2022-10-18 07:22:15.612000+00:00,2022-10-18 07:22:45.872000+00:00,False,15,30.26
2022-10-18 07:22:47.800000+00:00,2022-10-18 07:23:25.331000+00:00,True,21,37.531
2022-10-18 07:23:27.194000+00:00,2022-10-18 07:24:00.033000+00:00,False,16,32.839
2022-10-18 07:24:01.910000+00:00,2022-10-18 07:24:17.019000+00:00,True,9,15.109
2022-10-18 07:24:19.005000+00:00,2022-10-18 07:24:49.568000+00:00,False,15,30.563
2022-10-18 07:24:51.415000+00:00,2022-10-18 07:25:06.502000+00:00,True,9,15.087
2022-10-18 07:25:08.440000+00:00,2022-10-18 07:25:39.471000+00:00,False,17,31.031
2022-10-18 07:25:41.346000+00:00,2022-10-18 07:26:32.114000+00:00,True,26,50.768
2022-10-18 07:26:34.174000+00:00,2022-10-18 07:27:04.941000+00:00,False,15,30.767
2022-10-18 07:27:06.808000+00:00,2022-10-18 07:27:21.776000+00:00,True,9,14.968
2022-10-18 07:27:23.685000+00:00,2022-10-18 07:27:54.647000+00:00,False,17,30.962
2022-10-18 07:27:56.575000+00:00,2022-10-18 07:28:11.331000+00:00,True,7,14.756
2022-10-18 07:28:13.181000+00:00,2022-10-18 07:28:45.928000+00:00,False,18,32.747
2022-10-18 07:28:47.862000+00:00,2022-10-18 07:29:01.047000+00:00,True,8,13.185
2022-10-18 07:29:02.867000+00:00,2022-10-18 07:29:35.622000+00:00,False,16,32.755
2022-10-18 07:29:37.511000+00:00,2022-10-18 07:29:52.448000+00:00,True,9,14.937
2022-10-18 07:29:54.386000+00:00,2022-10-18 07:30:27.018000+00:00,False,16,32.632
2022-10-18 07:30:28.924000+00:00,2022-10-18 07:30:45.945000+00:00,True,10,17.021
2022-10-18 07:30:47.846000+00:00,2022-10-18 07:31:20.454000+00:00,False,16,32.608
2022-10-18 07:31:22.231000+00:00,2022-10-18 07:31:44.654000+00:00,True,13,22.423
2022-10-18 07:31:46.607000+00:00,2022-10-18 07:32:17.472000+00:00,False,17,30.865
2022-10-18 07:32:23.252000+00:00,2022-10-18 07:32:34.504000+00:00,True,7,11.252
2022-10-18 07:32:36.338000+00:00,2022-10-18 07:33:09.349000+00:00,False,18,33.011
2022-10-18 07:33:11.235000+00:00,2022-10-18 07:33:22.437000+00:00,True,7,11.202
2022-10-18 07:33:27.787000+00:00,2022-10-18 07:33:58.439000+00:00,False,17,30.652
2022-10-18 07:34:00.328000+00:00,2022-10-18 07:35:08.190000+00:00,True,35,67.862
2022-10-18 07:35:10.085000+00:00,2022-10-18 07:35:42.638000+00:00,False,16,32.553
2022-10-18 07:35:44.519000+00:00,2022-10-18 07:35:59.440000+00:00,True,9,14.921
2022-10-18 07:36:01.408000+00:00,2022-10-18 07:36:34.002000+00:00,False,18,32.594
2022-10-18 07:36:35.836000+00:00,2022-10-18 07:36:50.757000+00:00,True,7,14.921
2022-10-18 07:36:52.706000+00:00,2022-10-18 07:37:25.142000+00:00,False,18,32.436
2022-10-18 07:37:27.003000+00:00,2022-10-18 07:37:40.211000+00:00,True,8,13.208
2022-10-18 07:37:45.862000+00:00,2022-10-18 07:38:16.924000+00:00,False,17,31.062
2022-10-18 07:38:18.754000+00:00,2022-10-18 07:38:33.894000+00:00,True,9,15.14
2022-10-18 07:38:35.850000+00:00,2022-10-18 07:39:08.138000+00:00,False,16,32.288
2022-10-18 07:39:09.972000+00:00,2022-10-18 07:39:24.972000+00:00,True,9,15.0
2022-10-18 07:39:26.941000+00:00,2022-10-18 07:39:59.487000+00:00,False,16,32.546
2022-10-18 07:40:01.291000+00:00,2022-10-18 07:40:23.878000+00:00,True,13,22.587
2022-10-18 07:40:25.851000+00:00,2022-10-18 07:40:54.616000+00:00,False,16,28.765
2022-10-18 07:41:00.414000+00:00,2022-10-18 07:41:15.399000+00:00,True,9,14.985
2022-10-18 07:41:17.337000+00:00,2022-10-18 07:41:48.306000+00:00,False,17,30.969
2022-10-18 07:41:50.161000+00:00,2022-10-18 07:42:04.877000+00:00,True,7,14.716
2022-10-18 07:42:06.802000+00:00,2022-10-18 07:42:39.253000+00:00,False,18,32.451
2022-10-18 07:42:41.168000+00:00,2022-10-18 07:43:03.641000+00:00,True,13,22.473
2022-10-18 07:43:09.334000+00:00,2022-10-18 07:43:40.049000+00:00,False,17,30.715
2022-10-18 07:43:41.987000+00:00,2022-10-18 07:43:57.221000+00:00,True,9,15.234
2022-10-18 07:43:59.173000+00:00,2022-10-18 07:44:29.534000+00:00,False,15,30.361
2022-10-18 07:44:31.455000+00:00,2022-10-18 07:44:54.003000+00:00,True,13,22.548
2022-10-18 07:44:55.981000+00:00,2022-10-18 07:45:26.780000+00:00,False,15,30.799
2022-10-18 07:45:28.656000+00:00,2022-10-18 07:45:43.706000+00:00,True,9,15.05
2022-10-18 07:45:45.534000+00:00,2022-10-18 07:46:18.222000+00:00,False,18,32.688
2022-10-18 07:46:23.626000+00:00,2022-10-18 07:46:55.548000+00:00,True,18,31.922
2022-10-18 07:46:57.447000+00:00,2022-10-18 07:47:28.573000+00:00,False,15,31.126
2022-10-18 07:47:30.448000+00:00,2022-10-18 07:47:47.308000+00:00,True,10,16.86
2022-10-18 07:47:49.171000+00:00,2022-10-18 07:47:49.171000+00:00,False,1,0.0
2022-10-18 07:47:51.062000+00:00,2022-10-18 07:48:26.893000+00:00,True,20,35.831
2022-10-18 07:48:32.894000+00:00,2022-10-18 07:49:01.693000+00:00,False,16,28.799
2022-10-18 07:49:03.629000+00:00,2022-10-18 07:49:22.127000+00:00,True,11,18.498
2022-10-18 07:49:24.112000+00:00,2022-10-18 07:49:55.055000+00:00,False,15,30.943
2022-10-18 07:49:56.979000+00:00,2022-10-18 07:50:15.743000+00:00,True,11,18.764
2022-10-18 07:50:17.690000+00:00,2022-10-18 07:50:48.449000+00:00,False,15,30.759
2022-10-18 07:50:50.361000+00:00,2022-10-18 07:51:07.130000+00:00,True,10,16.769
2022-10-18 07:51:09.128000+00:00,2022-10-18 07:51:39.682000+00:00,False,17,30.554
2022-10-18 07:51:41.611000+00:00,2022-10-18 07:52:02.190000+00:00,True,10,20.579
2022-10-18 07:52:04.043000+00:00,2022-10-18 07:52:36.660000+00:00,False,18,32.617
2022-10-18 07:52:38.581000+00:00,2022-10-18 07:53:27.185000+00:00,True,25,48.604
2022-10-18 07:53:29.144000+00:00,2022-10-18 07:54:01.989000+00:00,False,16,32.845
2022-10-18 07:54:03.877000+00:00,2022-10-18 07:54:20.757000+00:00,True,10,16.88
2022-10-18 07:54:22.692000+00:00,2022-10-18 07:54:54.815000+00:00,False,18,32.123
2022-10-18 07:55:00.736000+00:00,2022-10-18 07:55:11.784000+00:00,True,7,11.048
2022-10-18 07:55:13.753000+00:00,2022-10-18 07:55:44.600000+00:00,False,17,30.847
2022-10-18 07:55:46.448000+00:00,2022-10-18 07:55:59.519000+00:00,True,8,13.071
2022-10-18 07:56:05.290000+00:00,2022-10-18 07:56:33.978000+00:00,False,16,28.688
2022-10-18 07:56:35.900000+00:00,2022-10-18 07:56:52.946000+00:00,True,10,17.046
2022-10-18 07:56:54.894000+00:00,2022-10-18 07:57:25.765000+00:00,False,15,30.871
2022-10-18 07:57:27.639000+00:00,2022-10-18 08:02:05.867000+00:00,True,140,278.228
2022-10-18 08:02:07.815000+00:00,2022-10-18 08:02:39.112000+00:00,False,15,31.297
2022-10-18 08:02:41.002000+00:00,2022-10-18 08:02:58.002000+00:00,True,10,17.0
2022-10-18 08:02:59.846000+00:00,2022-10-18 08:03:32.167000+00:00,False,18,32.321
2022-10-18 08:03:37.683000+00:00,2022-10-18 08:03:47.206000+00:00,True,6,9.523
2022-10-18 08:03:49.185000+00:00,2022-10-18 08:04:21.682000+00:00,False,18,32.497
2022-10-18 08:04:23.549000+00:00,2022-10-18 08:04:36.846000+00:00,True,8,13.297
2022-10-18 08:04:42.322000+00:00,2022-10-18 08:05:10.772000+00:00,False,16,28.45
2022-10-18 08:05:12.706000+00:00,2022-10-18 08:05:27.664000+00:00,True,9,14.958
2022-10-18 08:05:29.581000+00:00,2022-10-18 08:06:00.565000+00:00,False,15,30.984
2022-10-18 08:06:02.455000+00:00,2022-10-18 08:06:19.300000+00:00,True,10,16.845
2022-10-18 08:06:21.253000+00:00,2022-10-18 08:06:51.847000+00:00,False,15,30.594
2022-10-18 08:06:53.783000+00:00,2022-10-18 08:09:23.331000+00:00,True,76,149.548
2022-10-18 08:09:25.319000+00:00,2022-10-18 08:09:55.979000+00:00,False,17,30.66
2022-10-18 08:09:57.865000+00:00,2022-10-18 08:10:12.877000+00:00,True,7,15.012
2022-10-18 08:10:14.831000+00:00,2022-10-18 08:10:45.446000+00:00,False,17,30.615
2022-10-18 08:10:47.283000+00:00,2022-10-18 08:11:11.533000+00:00,True,12,24.25
2022-10-18 08:11:13.471000+00:00,2022-10-18 08:11:44.131000+00:00,False,17,30.66
2022-10-18 08:11:45.975000+00:00,2022-10-18 08:12:44.190000+00:00,True,30,58.215
2022-10-18 08:12:46.151000+00:00,2022-10-18 08:13:12.986000+00:00,False,15,26.835
2022-10-18 08:13:18.690000+00:00,2022-10-18 08:13:50.675000+00:00,True,18,31.985
2022-10-18 08:13:52.683000+00:00,2022-10-18 08:14:23.362000+00:00,False,15,30.679
2022-10-18 08:14:25.221000+00:00,2022-10-18 08:15:58.690000+00:00,True,49,93.469
2022-10-18 08:16:00.616000+00:00,2022-10-18 08:16:27.456000+00:00,False,15,26.84
2022-10-18 08:16:32.972000+00:00,2022-10-18 08:17:06.848000+00:00,True,19,33.876
2022-10-18 08:17:08.722000+00:00,2022-10-18 08:17:41.486000+00:00,False,16,32.764
2022-10-18 08:17:43.362000+00:00,2022-10-18 08:17:58.347000+00:00,True,9,14.985
2022-10-18 08:18:00.211000+00:00,2022-10-18 08:18:32.632000+00:00,False,18,32.421
2022-10-18 08:18:34.519000+00:00,2022-10-18 08:19:01.118000+00:00,True,13,26.599
2022-10-18 08:19:02.950000+00:00,2022-10-18 08:19:35.426000+00:00,False,18,32.476
2022-10-18 08:19:37.302000+00:00,2022-10-18 08:19:54.364000+00:00,True,8,17.062
2022-10-18 08:19:56.263000+00:00,2022-10-18 08:20:28.969000+00:00,False,18,32.706
2022-10-18 08:20:30.849000+00:00,2022-10-18 08:21:13.761000+00:00,True,22,42.912
2022-10-18 08:21:15.607000+00:00,2022-10-18 08:21:46.162000+00:00,False,17,30.555
2022-10-18 08:21:48.079000+00:00,2022-10-18 08:22:05.128000+00:00,True,8,17.049
2022-10-18 08:22:07.065000+00:00,2022-10-18 08:22:39.615000+00:00,False,18,32.55
2022-10-18 08:22:41.447000+00:00,2022-10-18 08:24:34.785000+00:00,True,57,113.338
2022-10-18 08:24:36.669000+00:00,2022-10-18 08:25:09.658000+00:00,False,16,32.989
2022-10-18 08:25:11.549000+00:00,2022-10-18 08:25:34.190000+00:00,True,13,22.641
2022-10-18 08:25:36.063000+00:00,2022-10-18 08:26:08.440000+00:00,False,18,32.377
2022-10-18 08:26:14.072000+00:00,2022-10-18 08:26:27.252000+00:00,True,8,13.18
2022-10-18 08:26:29.237000+00:00,2022-10-18 08:27:01.862000+00:00,False,18,32.625
2022-10-18 08:27:03.706000+00:00,2022-10-18 08:27:22.196000+00:00,True,9,18.49
2022-10-18 08:27:24.024000+00:00,2022-10-18 08:27:56.647000+00:00,False,18,32.623
2022-10-18 08:27:58.524000+00:00,2022-10-18 08:28:13.518000+00:00,True,9,14.994
2022-10-18 08:28:15.359000+00:00,2022-10-18 08:28:47.983000+00:00,False,16,32.624
2022-10-18 08:28:49.855000+00:00,2022-10-18 08:29:04.980000+00:00,True,9,15.125
2022-10-18 08:29:06.922000+00:00,2022-10-18 08:29:37.589000+00:00,False,15,30.667
2022-10-18 08:29:39.454000+00:00,2022-10-18 08:30:55.284000+00:00,True,39,75.83
2022-10-18 08:30:57.167000+00:00,2022-10-18 08:31:29.604000+00:00,False,18,32.437
2022-10-18 08:31:31.478000+00:00,2022-10-18 08:31:46.509000+00:00,True,7,15.031
2022-10-18 08:31:48.464000+00:00,2022-10-18 08:32:20.939000+00:00,False,18,32.475
2022-10-18 08:32:22.813000+00:00,2022-10-18 08:32:36.105000+00:00,True,8,13.292
2022-10-18 08:32:41.667000+00:00,2022-10-18 08:33:10.261000+00:00,False,16,28.594
2022-10-18 08:33:12.174000+00:00,2022-10-18 08:33:28.714000+00:00,True,10,16.54
2022-10-18 08:33:30.591000+00:00,2022-10-18 08:34:01.629000+00:00,False,15,31.038
2022-10-18 08:34:03.476000+00:00,2022-10-18 08:34:18.566000+00:00,True,9,15.09
2022-10-18 08:34:20.430000+00:00,2022-10-18 08:34:52.596000+00:00,False,16,32.166
2022-10-18 08:34:54.508000+00:00,2022-10-18 08:35:11.393000+00:00,True,10,16.885
2022-10-18 08:35:13.300000+00:00,2022-10-18 08:35:43.956000+00:00,False,17,30.656
2022-10-18 08:35:45.800000+00:00,2022-10-18 08:36:02.706000+00:00,True,8,16.906
2022-10-18 08:36:04.618000+00:00,2022-10-18 08:36:35.424000+00:00,False,17,30.806
2022-10-18 08:36:37.300000+00:00,2022-10-18 08:36:54.284000+00:00,True,10,16.984
2022-10-18 08:37:00.081000+00:00,2022-10-18 08:37:26.918000+00:00,False,15,26.837
2022-10-18 08:37:28.838000+00:00,2022-10-18 08:37:45.580000+00:00,True,10,16.742
2022-10-18 08:37:47.498000+00:00,2022-10-18 08:38:18.519000+00:00,False,15,31.021
2022-10-18 08:38:20.432000+00:00,2022-10-18 08:38:41.269000+00:00,True,12,20.837
2022-10-18 08:38:43.254000+00:00,2022-10-18 08:39:14.003000+00:00,False,15,30.749
2022-10-18 08:39:15.836000+00:00,2022-10-18 08:39:53.435000+00:00,True,21,37.599
2022-10-18 08:39:55.378000+00:00,2022-10-18 08:40:26.347000+00:00,False,15,30.969
2022-10-18 08:40:28.268000+00:00,2022-10-18 08:41:07.601000+00:00,True,22,39.333
2022-10-18 08:41:09.570000+00:00,2022-10-18 08:41:40.449000+00:00,False,15,30.879
2022-10-18 08:41:42.298000+00:00,2022-10-18 08:41:57.331000+00:00,True,9,15.033
2022-10-18 08:41:59.146000+00:00,2022-10-18 08:42:29.753000+00:00,False,15,30.607
2022-10-18 08:42:31.581000+00:00,2022-10-18 08:42:52.237000+00:00,True,12,20.656
2022-10-18 08:42:54.226000+00:00,2022-10-18 08:43:23.300000+00:00,False,16,29.074
2022-10-18 08:43:28.806000+00:00,2022-10-18 08:59:05.302000+00:00,True,470,936.496
2022-10-18 08:59:07.352000+00:00,2022-10-18 08:59:34.423000+00:00,False,15,27.071
2022-10-18 08:59:39.814000+00:00,2022-10-18 09:00:06.142000+00:00,True,15,26.328
2022-10-18 09:00:08.071000+00:00,2022-10-18 09:00:38.628000+00:00,False,17,30.557
2022-10-18 09:00:44.362000+00:00,2022-10-18 09:00:57.465000+00:00,True,8,13.103
2022-10-18 09:00:59.361000+00:00,2022-10-18 09:01:30.267000+00:00,False,17,30.906
2022-10-18 09:01:32.143000+00:00,2022-10-18 09:01:48.690000+00:00,True,8,16.547
2022-10-18 09:01:50.698000+00:00,2022-10-18 09:02:21.252000+00:00,False,17,30.554
2022-10-18 09:02:23.175000+00:00,2022-10-18 09:02:40.221000+00:00,True,10,17.046
2022-10-18 09:02:42.268000+00:00,2022-10-18 09:03:12.490000+00:00,False,15,30.222
2022-10-18 09:03:14.415000+00:00,2022-10-18 09:03:33.202000+00:00,True,11,18.787
2022-10-18 09:03:35.173000+00:00,2022-10-18 09:04:07.859000+00:00,False,16,32.686
2022-10-18 09:04:09.780000+00:00,2022-10-18 09:04:24.690000+00:00,True,9,14.91
2022-10-18 09:04:26.611000+00:00,2022-10-18 09:04:57.596000+00:00,False,17,30.985
2022-10-18 09:05:03.064000+00:00,2022-10-18 09:05:16.224000+00:00,True,8,13.16
2022-10-18 09:05:18.107000+00:00,2022-10-18 09:05:50.537000+00:00,False,18,32.43
2022-10-18 09:05:52.396000+00:00,2022-10-18 09:06:16.926000+00:00,True,12,24.53
2022-10-18 09:06:18.926000+00:00,2022-10-18 09:06:49.816000+00:00,False,17,30.89
2022-10-18 09:06:51.739000+00:00,2022-10-18 09:07:06.768000+00:00,True,9,15.029
2022-10-18 09:07:12.347000+00:00,2022-10-18 09:07:41.327000+00:00,False,16,28.98
2022-10-18 09:07:43.250000+00:00,2022-10-18 09:07:58.094000+00:00,True,9,14.844
2022-10-18 09:08:00.014000+00:00,2022-10-18 09:08:30.503000+00:00,False,15,30.489
2022-10-18 09:08:32.410000+00:00,2022-10-18 09:08:43.768000+00:00,True,7,11.358
2022-10-18 09:08:45.751000+00:00,2022-10-18 09:08:45.751000+00:00,False,1,0.0
2022-10-18 09:08:47.674000+00:00,2022-10-18 09:09:34.633000+00:00,True,24,46.959
2022-10-18 09:09:36.610000+00:00,2022-10-18 09:10:08.881000+00:00,False,18,32.271
2022-10-18 09:10:10.809000+00:00,2022-10-18 09:10:26.083000+00:00,True,7,15.274
2022-10-18 09:10:28.034000+00:00,2022-10-18 09:10:58.790000+00:00,False,17,30.756
2022-10-18 09:11:00.706000+00:00,2022-10-18 09:11:15.626000+00:00,True,9,14.92
2022-10-18 09:11:17.578000+00:00,2022-10-18 09:11:48.324000+00:00,False,15,30.746
2022-10-18 09:11:50.203000+00:00,2022-10-18 09:12:05.265000+00:00,True,9,15.062
2022-10-18 09:12:07.095000+00:00,2022-10-18 09:12:39.335000+00:00,False,16,32.24
2022-10-18 09:12:41.252000+00:00,2022-10-18 09:12:56.223000+00:00,True,9,14.971
2022-10-18 09:12:58.191000+00:00,2022-10-18 09:13:28.689000+00:00,False,17,30.498
2022-10-18 09:13:30.564000+00:00,2022-10-18 09:13:45.657000+00:00,True,7,15.093
2022-10-18 09:13:47.564000+00:00,2022-10-18 09:14:19.971000+00:00,False,18,32.407
2022-10-18 09:14:21.863000+00:00,2022-10-18 09:14:50.222000+00:00,True,14,28.359
2022-10-18 09:14:52.176000+00:00,2022-10-18 09:15:24.703000+00:00,False,18,32.527
2022-10-18 09:15:26.565000+00:00,2022-10-18 09:15:43.394000+00:00,True,10,16.829
2022-10-18 09:15:49.378000+00:00,2022-10-18 09:16:18.277000+00:00,False,16,28.899
2022-10-18 09:16:20.206000+00:00,2022-10-18 09:16:37.237000+00:00,True,10,17.031
2022-10-18 09:16:39.113000+00:00,2022-10-18 09:17:11.393000+00:00,False,16,32.28
2022-10-18 09:17:13.284000+00:00,2022-10-18 09:17:33.908000+00:00,True,12,20.624
2022-10-18 09:17:35.907000+00:00,2022-10-18 09:18:06.745000+00:00,False,15,30.838
2022-10-18 09:18:08.612000+00:00,2022-10-18 09:18:27.171000+00:00,True,11,18.559
2022-10-18 09:18:29.143000+00:00,2022-10-18 09:18:58.221000+00:00,False,16,29.078
2022-10-18 09:19:03.582000+00:00,2022-10-18 09:19:18.579000+00:00,True,9,14.997
2022-10-18 09:19:20.506000+00:00,2022-10-18 09:19:52.880000+00:00,False,18,32.374
2022-10-18 09:19:54.766000+00:00,2022-10-18 09:20:24.878000+00:00,True,15,30.112
2022-10-18 09:20:26.752000+00:00,2022-10-18 09:20:59.534000+00:00,False,18,32.782
2022-10-18 09:21:01.458000+00:00,2022-10-18 09:21:16.357000+00:00,True,7,14.899
2022-10-18 09:21:18.209000+00:00,2022-10-18 09:21:48.800000+00:00,False,17,30.591
2022-10-18 09:21:50.686000+00:00,2022-10-18 09:22:05.736000+00:00,True,9,15.05
2022-10-18 09:22:07.613000+00:00,2022-10-18 09:22:40.387000+00:00,False,16,32.774
2022-10-18 09:22:42.269000+00:00,2022-10-18 09:22:57.210000+00:00,True,9,14.941
2022-10-18 09:22:59.129000+00:00,2022-10-18 09:23:31.463000+00:00,False,16,32.334
2022-10-18 09:23:33.308000+00:00,2022-10-18 09:23:59.683000+00:00,True,15,26.375
2022-10-18 09:24:01.509000+00:00,2022-10-18 09:24:32.629000+00:00,False,15,31.12
2022-10-18 09:24:34.550000+00:00,2022-10-18 09:24:51.442000+00:00,True,10,16.892
2022-10-18 09:24:53.349000+00:00,2022-10-18 09:25:25.689000+00:00,False,18,32.34
2022-10-18 09:25:31.509000+00:00,2022-10-18 09:25:42.752000+00:00,True,7,11.243
2022-10-18 09:25:44.643000+00:00,2022-10-18 09:26:15.434000+00:00,False,17,30.791
2022-10-18 09:26:17.316000+00:00,2022-10-18 09:26:39.675000+00:00,True,11,22.359
2022-10-18 09:26:41.565000+00:00,2022-10-18 09:27:14.112000+00:00,False,18,32.547
2022-10-18 09:27:15.987000+00:00,2022-10-18 09:27:31.049000+00:00,True,9,15.062
2022-10-18 09:27:32.986000+00:00,2022-10-18 09:28:03.866000+00:00,False,15,30.88
2022-10-18 09:28:05.803000+00:00,2022-10-18 09:28:20.777000+00:00,True,9,14.974
2022-10-18 09:28:22.711000+00:00,2022-10-18 09:28:55.241000+00:00,False,16,32.53
2022-10-18 09:28:57.086000+00:00,2022-10-18 09:29:12.116000+00:00,True,9,15.03
2022-10-18 09:29:14.058000+00:00,2022-10-18 09:29:44.847000+00:00,False,17,30.789
2022-10-18 09:29:50.242000+00:00,2022-10-18 09:30:03.408000+00:00,True,8,13.166
2022-10-18 09:30:05.378000+00:00,2022-10-18 09:30:35.569000+00:00,False,17,30.191
2022-10-18 09:30:37.378000+00:00,2022-10-18 09:30:48.431000+00:00,True,7,11.053
2022-10-18 09:30:54.644000+00:00,2022-10-18 09:31:27.269000+00:00,False,18,32.625
2022-10-18 09:31:29.159000+00:00,2022-10-18 09:31:42.222000+00:00,True,8,13.063
2022-10-18 09:31:44.101000+00:00,2022-10-18 09:32:16.846000+00:00,False,16,32.745
2022-10-18 09:32:18.769000+00:00,2022-10-18 09:32:41.300000+00:00,True,13,22.531
2022-10-18 09:32:43.249000+00:00,2022-10-18 09:33:15.944000+00:00,False,16,32.695
2022-10-18 09:33:17.783000+00:00,2022-10-18 09:33:32.799000+00:00,True,9,15.016
2022-10-18 09:33:34.776000+00:00,2022-10-18 09:34:03.331000+00:00,False,16,28.555
2022-10-18 09:34:08.846000+00:00,2022-10-18 09:34:23.909000+00:00,True,9,15.063
2022-10-18 09:34:25.864000+00:00,2022-10-18 09:34:56.599000+00:00,False,17,30.735
2022-10-18 09:34:58.467000+00:00,2022-10-18 09:40:01.499000+00:00,True,151,303.032
2022-10-18 09:40:03.354000+00:00,2022-10-18 09:40:35.918000+00:00,False,16,32.564
2022-10-18 09:40:37.745000+00:00,2022-10-18 09:40:52.690000+00:00,True,9,14.945
2022-10-18 09:40:54.538000+00:00,2022-10-18 09:41:25.303000+00:00,False,17,30.765
2022-10-18 09:41:27.193000+00:00,2022-10-18 09:41:53.522000+00:00,True,13,26.329
2022-10-18 09:41:55.498000+00:00,2022-10-18 09:42:28.238000+00:00,False,18,32.74
2022-10-18 09:42:30.096000+00:00,2022-10-18 09:42:50.627000+00:00,True,10,20.531
2022-10-18 09:42:52.612000+00:00,2022-10-18 09:43:23.072000+00:00,False,17,30.46
2022-10-18 09:43:24.989000+00:00,2022-10-18 09:43:40.020000+00:00,True,9,15.031
2022-10-18 09:43:41.893000+00:00,2022-10-18 09:44:14.427000+00:00,False,16,32.534
2022-10-18 09:44:16.349000+00:00,2022-10-18 09:44:31.314000+00:00,True,9,14.965
2022-10-18 09:44:33.205000+00:00,2022-10-18 09:45:03.967000+00:00,False,15,30.762
2022-10-18 09:45:05.773000+00:00,2022-10-18 09:46:12.092000+00:00,True,34,66.319
2022-10-18 09:46:14.015000+00:00,2022-10-18 09:46:46.413000+00:00,False,18,32.398
2022-10-18 09:46:48.253000+00:00,2022-10-18 09:47:20.126000+00:00,True,16,31.873
2022-10-18 09:47:22.098000+00:00,2022-10-18 09:47:52.798000+00:00,False,17,30.7
2022-10-18 09:47:54.641000+00:00,2022-10-18 09:48:09.626000+00:00,True,7,14.985
2022-10-18 09:48:11.579000+00:00,2022-10-18 09:48:44.190000+00:00,False,18,32.611
2022-10-18 09:48:46.080000+00:00,2022-10-18 09:49:02.923000+00:00,True,10,16.843
2022-10-18 09:49:04.810000+00:00,2022-10-18 09:49:35.367000+00:00,False,15,30.557
2022-10-18 09:49:37.300000+00:00,2022-10-18 09:50:11.112000+00:00,True,19,33.812
2022-10-18 09:50:16.965000+00:00,2022-10-18 09:50:47.284000+00:00,False,17,30.319
2022-10-18 09:50:49.237000+00:00,2022-10-18 09:51:04.175000+00:00,True,9,14.938
2022-10-18 09:51:06.144000+00:00,2022-10-18 09:51:36.851000+00:00,False,15,30.707
2022-10-18 09:51:38.720000+00:00,2022-10-18 09:51:53.925000+00:00,True,9,15.205
2022-10-18 09:51:55.834000+00:00,2022-10-18 09:52:28.534000+00:00,False,16,32.7
2022-10-18 09:52:30.377000+00:00,2022-10-18 09:52:50.835000+00:00,True,12,20.458
2022-10-18 09:52:52.852000+00:00,2022-10-18 09:53:23.588000+00:00,False,17,30.736
2022-10-18 09:53:25.415000+00:00,2022-10-18 09:53:40.316000+00:00,True,7,14.901
2022-10-18 09:53:42.314000+00:00,2022-10-18 09:54:14.723000+00:00,False,18,32.409
2022-10-18 09:54:16.571000+00:00,2022-10-18 09:54:29.721000+00:00,True,8,13.15
2022-10-18 09:54:35.479000+00:00,2022-10-18 09:55:04.458000+00:00,False,16,28.979
2022-10-18 09:55:06.379000+00:00,2022-10-18 09:55:34.416000+00:00,True,16,28.037
2022-10-18 09:55:40.010000+00:00,2022-10-18 09:56:10.725000+00:00,False,17,30.715
2022-10-18 09:56:12.562000+00:00,2022-10-18 09:56:29.446000+00:00,True,10,16.884
2022-10-18 09:56:31.362000+00:00,2022-10-18 09:57:02.148000+00:00,False,15,30.786
2022-10-18 09:57:03.987000+00:00,2022-10-18 09:58:17.612000+00:00,True,38,73.625
2022-10-18 09:58:19.565000+00:00,2022-10-18 09:58:48.371000+00:00,False,16,28.806
2022-10-18 09:58:54.050000+00:00,2022-10-18 09:59:09.081000+00:00,True,9,15.031
2022-10-18 09:59:10.963000+00:00,2022-10-18 09:59:43.721000+00:00,False,18,32.758
2022-10-18 09:59:45.534000+00:00,2022-10-18 10:00:03.933000+00:00,True,9,18.399
2022-10-18 10:00:05.872000+00:00,2022-10-18 10:00:38.443000+00:00,False,18,32.571
2022-10-18 10:00:40.288000+00:00,2022-10-18 10:01:02.959000+00:00,True,11,22.671
2022-10-18 10:01:04.743000+00:00,2022-10-18 10:01:37.533000+00:00,False,18,32.79
2022-10-18 10:01:39.448000+00:00,2022-10-18 10:01:54.444000+00:00,True,9,14.996
2022-10-18 10:01:56.517000+00:00,2022-10-18 10:02:27.346000+00:00,False,15,30.829
2022-10-18 10:02:29.207000+00:00,2022-10-18 10:02:38.659000+00:00,True,6,9.452
2022-10-18 10:02:40.566000+00:00,2022-10-18 10:02:42.504000+00:00,False,2,1.938
2022-10-18 10:02:44.378000+00:00,2022-10-18 10:03:23.675000+00:00,True,20,39.297
2022-10-18 10:03:25.584000+00:00,2022-10-18 10:03:58.128000+00:00,False,18,32.544
2022-10-18 10:04:00.004000+00:00,2022-10-18 10:04:11.269000+00:00,True,7,11.265
2022-10-18 10:04:17.159000+00:00,2022-10-18 10:04:48.061000+00:00,False,17,30.902
2022-10-18 10:04:49.889000+00:00,2022-10-18 10:05:10.514000+00:00,True,12,20.625
2022-10-18 10:05:12.384000+00:00,2022-10-18 10:05:45.210000+00:00,False,16,32.826
2022-10-18 10:05:47.132000+00:00,2022-10-18 10:06:02.023000+00:00,True,9,14.891
2022-10-18 10:06:03.906000+00:00,2022-10-18 10:06:34.601000+00:00,False,15,30.695
2022-10-18 10:06:36.469000+00:00,2022-10-18 10:06:53.413000+00:00,True,10,16.944
2022-10-18 10:06:55.321000+00:00,2022-10-18 10:07:25.837000+00:00,False,17,30.516
2022-10-18 10:07:31.565000+00:00,2022-10-18 10:07:42.806000+00:00,True,7,11.241
2022-10-18 10:07:44.766000+00:00,2022-10-18 10:08:17.443000+00:00,False,18,32.677
2022-10-18 10:08:19.332000+00:00,2022-10-18 10:08:36.018000+00:00,True,8,16.686
2022-10-18 10:08:37.944000+00:00,2022-10-18 10:09:10.367000+00:00,False,18,32.423
2022-10-18 10:09:12.206000+00:00,2022-10-18 10:09:34.712000+00:00,True,13,22.506
2022-10-18 10:09:40.593000+00:00,2022-10-18 10:10:07.743000+00:00,False,15,27.15
2022-10-18 10:10:09.665000+00:00,2022-10-18 10:10:24.633000+00:00,True,9,14.968
2022-10-18 10:10:26.539000+00:00,2022-10-18 10:10:58.978000+00:00,False,16,32.439
2022-10-18 10:11:00.888000+00:00,2022-10-18 10:11:19.791000+00:00,True,11,18.903
2022-10-18 10:11:21.743000+00:00,2022-10-18 10:11:52.163000+00:00,False,15,30.42
2022-10-18 10:11:54.040000+00:00,2022-10-18 10:13:17.050000+00:00,True,43,83.01
2022-10-18 10:13:18.987000+00:00,2022-10-18 10:13:49.933000+00:00,False,17,30.946
2022-10-18 10:13:51.823000+00:00,2022-10-18 10:14:06.894000+00:00,True,7,15.071
2022-10-18 10:14:08.776000+00:00,2022-10-18 10:14:39.676000+00:00,False,17,30.9
2022-10-18 10:14:41.535000+00:00,2022-10-18 10:15:05.742000+00:00,True,12,24.207
2022-10-18 10:15:07.755000+00:00,2022-10-18 10:15:38.425000+00:00,False,17,30.67
2022-10-18 10:15:40.291000+00:00,2022-10-18 10:16:00.970000+00:00,True,12,20.679
2022-10-18 10:16:02.908000+00:00,2022-10-18 10:16:33.509000+00:00,False,15,30.601
2022-10-18 10:16:35.394000+00:00,2022-10-18 10:16:54.018000+00:00,True,11,18.624
2022-10-18 10:16:55.974000+00:00,2022-10-18 10:17:26.816000+00:00,False,15,30.842
2022-10-18 10:17:28.689000+00:00,2022-10-18 10:17:47.448000+00:00,True,11,18.759
2022-10-18 10:17:49.300000+00:00,2022-10-18 10:18:20.192000+00:00,False,15,30.892
2022-10-18 10:18:22.081000+00:00,2022-10-18 10:18:44.447000+00:00,True,13,22.366
2022-10-18 10:18:46.303000+00:00,2022-10-18 10:19:16.961000+00:00,False,17,30.658
2022-10-18 10:19:22.691000+00:00,2022-10-18 10:19:33.862000+00:00,True,7,11.171
2022-10-18 10:19:35.736000+00:00,2022-10-18 10:20:08.425000+00:00,False,18,32.689
2022-10-18 10:20:10.261000+00:00,2022-10-18 10:20:29.112000+00:00,True,9,18.851
2022-10-18 10:20:30.965000+00:00,2022-10-18 10:21:03.769000+00:00,False,18,32.804
2022-10-18 10:21:05.644000+00:00,2022-10-18 10:21:26.252000+00:00,True,12,20.608
2022-10-18 10:21:31.784000+00:00,2022-10-18 10:22:02.285000+00:00,False,17,30.501
2022-10-18 10:22:04.081000+00:00,2022-10-18 10:22:19.064000+00:00,True,9,14.983
2022-10-18 10:22:21.065000+00:00,2022-10-18 10:22:51.789000+00:00,False,15,30.724
2022-10-18 10:22:53.595000+00:00,2022-10-18 10:23:10.477000+00:00,True,10,16.882
2022-10-18 10:23:12.495000+00:00,2022-10-18 10:23:43.550000+00:00,False,15,31.055
2022-10-18 10:23:45.414000+00:00,2022-10-18 10:24:15.487000+00:00,True,17,30.073
2022-10-18 10:24:17.384000+00:00,2022-10-18 10:24:48.226000+00:00,False,15,30.842
2022-10-18 10:24:50.155000+00:00,2022-10-18 10:25:05.061000+00:00,True,9,14.906
2022-10-18 10:25:06.906000+00:00,2022-10-18 10:25:39.421000+00:00,False,18,32.515
2022-10-18 10:25:41.284000+00:00,2022-10-18 10:25:58.099000+00:00,True,8,16.815
2022-10-18 10:25:59.987000+00:00,2022-10-18 10:26:30.572000+00:00,False,17,30.585
2022-10-18 10:26:32.417000+00:00,2022-10-18 10:27:40.533000+00:00,True,35,68.116
2022-10-18 10:27:42.445000+00:00,2022-10-18 10:28:13.169000+00:00,False,15,30.724
2022-10-18 10:28:15.034000+00:00,2022-10-18 10:28:33.795000+00:00,True,11,18.761
2022-10-18 10:28:35.701000+00:00,2022-10-18 10:29:06.405000+00:00,False,15,30.704
2022-10-18 10:29:08.232000+00:00,2022-10-18 10:29:26.987000+00:00,True,11,18.755
2022-10-18 10:29:28.943000+00:00,2022-10-18 10:29:59.518000+00:00,False,17,30.575
2022-10-18 10:30:01.409000+00:00,2022-10-18 10:30:33.362000+00:00,True,16,31.953
2022-10-18 10:30:35.263000+00:00,2022-10-18 10:31:06.003000+00:00,False,17,30.74
2022-10-18 10:31:07.878000+00:00,2022-10-18 10:31:33.960000+00:00,True,13,26.082
2022-10-18 10:31:35.926000+00:00,2022-10-18 10:32:06.262000+00:00,False,17,30.336
2022-10-18 10:32:08.144000+00:00,2022-10-18 10:32:28.950000+00:00,True,10,20.806
2022-10-18 10:32:30.949000+00:00,2022-10-18 10:33:01.649000+00:00,False,17,30.7
2022-10-18 10:33:03.524000+00:00,2022-10-18 10:33:16.556000+00:00,True,8,13.032
2022-10-18 10:33:22.325000+00:00,2022-10-18 10:33:51.194000+00:00,False,16,28.869
2022-10-18 10:33:53.118000+00:00,2022-10-18 10:34:08.041000+00:00,True,9,14.923
2022-10-18 10:34:09.987000+00:00,2022-10-18 10:34:42.346000+00:00,False,16,32.359
2022-10-18 10:34:44.174000+00:00,2022-10-18 10:34:59.111000+00:00,True,9,14.937
2022-10-18 10:35:01.050000+00:00,2022-10-18 10:35:33.526000+00:00,False,16,32.476
2022-10-18 10:35:35.448000+00:00,2022-10-18 10:35:50.418000+00:00,True,9,14.97
2022-10-18 10:35:52.433000+00:00,2022-10-18 10:36:23.105000+00:00,False,17,30.672
2022-10-18 10:36:24.995000+00:00,2022-10-18 10:36:39.690000+00:00,True,7,14.695
2022-10-18 10:36:41.602000+00:00,2022-10-18 10:37:14.145000+00:00,False,18,32.543
2022-10-18 10:37:15.973000+00:00,2022-10-18 10:37:32.925000+00:00,True,10,16.952
2022-10-18 10:37:34.921000+00:00,2022-10-18 10:38:06.003000+00:00,False,15,31.082
2022-10-18 10:38:07.879000+00:00,2022-10-18 10:38:22.737000+00:00,True,9,14.858
2022-10-18 10:38:24.632000+00:00,2022-10-18 10:38:55.480000+00:00,False,15,30.848
2022-10-18 10:38:57.325000+00:00,2022-10-18 10:39:12.324000+00:00,True,9,14.999
2022-10-18 10:39:14.220000+00:00,2022-10-18 10:39:44.894000+00:00,False,17,30.674
2022-10-18 10:39:50.617000+00:00,2022-10-18 10:40:03.721000+00:00,True,8,13.104
2022-10-18 10:40:05.665000+00:00,2022-10-18 10:40:36.407000+00:00,False,17,30.742
2022-10-18 10:40:38.254000+00:00,2022-10-18 10:41:53.414000+00:00,True,39,75.16
2022-10-18 10:41:59.669000+00:00,2022-10-18 10:42:28.496000+00:00,False,16,28.827
2022-10-18 10:42:30.314000+00:00,2022-10-18 10:42:45.168000+00:00,True,9,14.854
2022-10-18 10:42:47.110000+00:00,2022-10-18 10:43:18.059000+00:00,False,15,30.949
2022-10-18 10:43:19.981000+00:00,2022-10-18 10:43:51.903000+00:00,True,18,31.922
2022-10-18 10:43:53.759000+00:00,2022-10-18 10:44:26.535000+00:00,False,16,32.776
2022-10-18 10:44:28.456000+00:00,2022-10-18 10:44:58.628000+00:00,True,17,30.172
